SG_UF_NCM,GARGALO_PREDITO
SC,1
SP,1
ES,0
SC,0
SP,0
ES,0
MG,0
MT,1
MT,1
RS,0
MG,0
SP,0
MT,1
MG,1
GO,1
MT,1
SC,0
SP,1
MG,1
SP,0
RS,1
RS,0
BA,0
MA,0
RS,0
RJ,0
PR,0
MG,0
MT,1
SP,0
TO,1
PA,0
MA,0
SP,0
MT,1
ES,0
PR,0
PR,0
BA,1
PR,0
RJ,0
ES,1
SC,0
ES,0
PR,0
SP,0
ES,0
MG,0
AM,0
MA,0
RJ,0
MG,0
RJ,0
RJ,0
SC,0
RJ,0
MG,0
ES,0
RJ,0
BA,1
MA,0
AL,0
AL,0
AP,0
MT,0
SP,0
RS,0
PA,0
PR,1
MS,1
PA,0
BA,0
RS,0
SP,0
RO,1
PE,0
PR,1
PA,0
MT,1
CE,0
SP,0
ES,1
ES,0
BA,1
ES,1
ES,1
AL,0
MT,1
BA,1
AC,1
SP,0
ES,0
PI,1
SC,0
RR,0
PR,0
RJ,0
ES,0
PA,0
AM,0
PR,0
SC,0
SP,1
SC,0
GO,0
TO,1
SC,0
BA,1
RS,0
PA,0
RJ,0
MA,0
AL,0
SP,0
RJ,0
MT,0
MG,1
RJ,0
MG,1
RJ,0
PR,0
SC,0
SP,0
RJ,0
SC,0
MT,0
PI,1
MG,1
MG,1
MG,1
PR,0
MG,1
PR,1
BA,0
MG,0
MG,1
MT,1
SP,0
GO,0
SP,0
SP,0
MG,0
MG,1
PA,0
RO,1
PA,0
RO,1
MT,1
MT,0
PR,0
SP,0
MG,0
MG,1
MG,0
MG,1
ES,1
PA,0
MG,0
RJ,0
SP,0
SC,0
GO,1
SP,0
MG,0
SP,0
ES,1
PR,1
ES,1
SP,0
RS,0
SP,0
RS,0
PA,0
PA,1
RS,1
AL,0
AL,0
MA,1
SP,1
GO,0
GO,0
SC,1
SC,0
RO,1
SC,1
RS,0
PA,1
PE,0
PR,0
ES,0
SP,1
RJ,0
SP,0
SC,0
PR,0
RJ,0
ES,0
ES,0
SP,0
GO,1
PR,0
ES,0
SP,0
GO,1
MT,1
MG,1
MG,0
GO,1
PA,0
MT,1
GO,0
MS,1
MT,1
SP,0
SP,0
SP,0
ES,1
PR,0
PR,0
MT,1
ES,0
MG,1
SP,0
MA,0
MA,1
SP,0
MT,1
SP,1
CE,0
GO,1
BA,1
PR,0
MG,1
TO,1
MG,0
MT,1
ES,0
ES,1
MT,1
PR,0
RJ,0
MG,0
MG,1
SP,1
GO,1
MT,0
MG,0
GO,1
ES,0
RS,0
MA,1
MG,0
MG,0
PI,1
SP,0
SC,0
PE,0
RJ,0
RS,1
SP,1
RJ,0
SP,0
ES,0
MT,0
SP,0
MG,0
SP,0
PA,0
SP,0
PR,0
MG,1
PA,1
MA,0
MG,0
RJ,0
SC,0
MT,1
PR,0
ES,1
ES,0
SP,0
MG,1
MG,1
MA,0
RS,0
RO,1
SC,0
SP,0
PR,0
MT,1
SC,0
SP,1
PR,1
AL,0
SP,0
PI,1
MA,0
SP,0
PR,0
MT,1
AP,0
RS,0
BA,1
TO,1
ND,1
SC,0
PE,0
MA,0
RS,0
ES,0
ND,1
SC,0
GO,1
ND,1
SP,0
MT,1
SP,0
ES,0
ES,0
BA,1
SC,0
TO,1
AL,0
MA,0
ES,0
MT,1
MG,0
ES,0
RO,1
PR,0
SP,0
SP,1
BA,1
MG,0
MG,0
MT,1
ES,0
SP,0
RJ,0
PA,1
TO,1
PR,1
DF,1
SC,0
SP,0
MG,0
GO,0
AM,0
MT,0
GO,1
SP,0
MA,0
PR,0
PA,0
SP,0
RO,1
ES,0
SP,0
MS,1
MT,1
PA,1
SC,0
MA,0
PA,1
ES,0
ES,0
MT,1
SP,0
SP,0
SP,0
RS,0
RO,0
MT,1
ES,0
SP,0
PA,0
SP,0
MA,0
RJ,0
PR,1
BA,0
MG,0
SP,0
GO,0
ES,1
PA,0
MA,0
SC,0
RR,0
AP,0
MG,0
RS,1
RS,0
MG,0
AM,0
MG,0
SP,0
RJ,0
MA,1
SP,0
MT,1
PR,0
PR,0
SP,0
MA,1
AL,0
RS,1
RS,1
MT,0
MT,0
SP,0
SP,0
RJ,0
GO,0
GO,1
MG,0
SP,0
SC,0
PR,1
ES,0
MG,1
MG,0
AM,0
SP,1
SP,1
SC,0
MG,0
PR,0
PR,0
MG,1
PR,1
MS,0
ES,0
MG,0
MT,1
AC,0
SP,0
SC,0
ES,0
MG,1
PA,0
AL,0
MT,1
RJ,0
MG,0
MT,1
PE,0
SP,0
MT,1
RS,0
MA,1
SP,0
PR,0
PA,0
PR,0
SP,0
RJ,0
PR,0
SP,1
PA,0
ES,0
MS,1
SP,0
RS,1
PA,0
CE,0
PR,0
PR,1
MS,0
ES,0
ES,0
RS,0
PE,0
BA,0
RS,0
RJ,0
RS,0
MT,1
MA,1
RS,0
SP,0
TO,1
MT,0
SC,0
ES,0
AL,0
PR,0
MG,0
ES,1
MG,0
BA,1
SC,1
PR,1
RJ,0
MG,1
SP,0
RS,1
RS,1
PR,0
SP,0
MS,1
ES,1
RS,0
MT,1
SP,0
RR,0
SP,0
PE,0
AL,0
MG,0
RO,1
ES,0
PR,0
RS,1
PR,0
ES,0
SC,0
PR,1
RJ,0
BA,0
PR,0
AM,0
MT,1
MG,0
BA,0
MT,1
AM,0
MG,1
SC,0
RO,0
MG,0
BA,0
PA,0
RJ,0
ES,0
PR,0
AL,0
SP,0
PR,0
AM,0
MS,1
MT,0
RJ,0
MG,0
PA,0
AL,0
PA,0
ES,0
BA,1
PR,0
BA,1
RS,0
MG,0
ES,0
RS,0
SP,0
PR,0
PR,0
SC,0
SC,0
SP,0
SP,0
MG,1
PI,1
RJ,0
MG,0
MG,0
MG,0
MG,1
RS,0
MA,0
ES,0
ES,0
MG,0
GO,0
AM,0
SP,0
MA,0
RJ,0
SC,0
MG,1
MA,0
AL,0
SP,0
PR,0
CE,0
SP,0
ES,0
PR,0
SP,0
RS,0
DF,1
SP,0
MT,1
RS,1
AP,0
RJ,0
PE,0
SP,0
ES,1
RJ,0
SP,0
MA,0
MT,1
GO,1
SP,0
PE,0
PR,0
ES,1
SP,0
PA,0
TO,0
AP,0
PR,0
RJ,0
PR,0
SP,0
RS,0
SP,0
PR,0
BA,1
SP,0
PR,0
MA,0
MA,0
SP,0
SC,0
RS,0
BA,0
SC,0
SP,0
GO,1
RJ,0
MT,0
SP,0
MG,0
MG,0
AM,0
SC,0
RR,0
SC,0
BA,0
RS,0
ES,0
PA,0
SP,0
SP,0
BA,0
PA,0
RJ,0
MG,0
BA,0
MG,0
RO,1
MS,1
GO,0
SP,0
SP,0
SP,0
MS,1
PR,0
RS,1
PA,1
PR,0
MG,1
MG,0
MG,0
RS,0
PA,0
GO,0
SP,0
SP,0
SC,0
PA,0
SC,0
ES,0
PR,0
GO,1
PR,0
RO,0
PR,0
AL,0
PR,0
SP,0
RS,0
RS,0
MG,0
ES,0
MT,1
BA,1
MG,1
SP,0
PR,0
PR,1
SC,0
SP,0
ES,0
ES,0
SP,0
MG,0
BA,1
SP,0
BA,0
SP,0
MG,0
PR,1
SC,0
PR,0
RO,0
PE,0
PA,0
RS,0
PR,0
MG,0
SP,0
RJ,0
RJ,0
MA,0
BA,0
SP,0
MG,0
ES,0
SP,0
RJ,0
RS,0
MT,1
MG,0
MG,1
MG,0
MA,0
ES,0
RS,0
AC,1
MG,0
SP,0
SP,0
PI,1
GO,0
DF,1
BA,1
SC,0
SC,0
RO,1
MG,0
PR,1
SP,0
PA,1
ES,0
SP,0
RJ,0
MA,0
PR,0
RJ,0
AM,0
SP,0
ES,0
RJ,0
MT,0
MG,0
MT,1
ES,0
SP,0
SP,0
GO,1
MA,0
PI,1
AP,0
MA,0
SP,0
PR,0
RJ,0
AL,0
SP,0
MA,0
MG,1
SC,0
MG,1
SP,0
BA,1
MG,1
AL,0
RS,0
PA,0
PR,0
SC,0
ES,1
RJ,0
RJ,0
DF,0
SP,0
RJ,0
PA,0
MG,0
PR,0
SC,0
CE,0
RJ,0
RJ,0
PR,1
GO,1
CE,0
SP,0
MT,1
SC,0
MT,1
ES,0
AP,0
PA,0
MG,0
PA,0
RJ,0
RS,0
SP,0
AM,0
MA,0
BA,0
SP,0
MS,0
AL,0
RJ,0
SC,0
SC,0
SP,0
ES,0
BA,0
RJ,0
PA,0
PR,0
SP,1
GO,1
SP,0
ES,0
MA,1
AL,0
MG,1
SP,0
RJ,0
RS,1
ES,0
ES,0
PR,0
ES,0
PA,0
SP,0
PA,0
PR,0
SP,0
SP,0
SP,0
SP,0
RJ,0
RJ,0
MA,1
MG,0
ES,0
MT,1
MG,0
RS,0
AM,0
SC,0
ES,0
RS,0
SP,0
SC,0
ES,0
MG,0
PE,0
MT,0
RS,0
SC,0
MG,0
BA,0
ES,1
SP,0
MG,0
MG,0
ES,0
BA,0
MG,0
ES,0
SP,1
RJ,0
PR,0
AM,0
SP,1
AL,0
MG,1
ES,0
PR,1
MG,1
CE,0
MT,1
RJ,0
MA,0
RJ,0
SC,0
MS,1
PR,0
SP,0
RS,0
MA,0
MA,0
MA,0
SP,0
PA,0
BA,0
SP,0
MA,0
SP,0
MT,0
GO,0
SP,0
RR,0
RJ,0
ND,1
AL,0
PR,0
SP,1
MG,0
PR,0
PR,0
SP,0
MG,1
SP,0
ES,1
BA,0
ES,0
SP,0
SP,0
SC,0
SP,0
ES,0
SP,0
RS,0
MA,0
RO,1
SP,0
PR,0
AM,0
SP,0
SP,0
AP,0
RJ,0
PR,0
PR,0
SP,0
RJ,0
SP,0
RS,0
ES,0
ES,0
RS,0
RJ,0
RS,0
ES,0
PR,0
PA,0
MS,1
MA,0
MT,0
SP,0
PA,0
MT,0
BA,0
SC,0
PA,0
MA,0
SP,0
SP,0
RO,1
RJ,0
GO,1
ES,0
MG,0
SP,0
ES,0
RS,0
MG,0
MG,0
MA,0
SC,0
SP,0
RO,1
MT,0
SP,0
SC,0
MT,0
SP,0
MT,1
SP,0
MG,0
MG,0
AP,0
RS,0
SP,0
SP,0
ND,1
GO,1
MT,1
ES,0
RS,0
RS,0
RJ,0
MS,0
PR,1
SP,0
MG,1
MA,0
GO,1
BA,1
SP,0
RJ,0
AP,0
MA,0
ES,0
ES,0
MG,0
SP,0
PR,0
AL,0
PR,0
RJ,0
MS,1
PA,0
SP,0
MG,1
PR,0
ES,0
SP,0
BA,0
MA,0
MT,0
GO,0
PI,1
ES,0
ES,1
SC,0
MG,0
SP,0
SC,0
SP,0
AP,0
PR,0
AM,0
MA,0
PR,0
GO,0
RJ,0
MG,1
MG,0
BA,1
SP,0
PR,0
SP,0
PA,0
BA,1
PE,1
SP,0
AM,0
PA,0
MG,1
PE,0
MT,1
RS,0
BA,0
ES,0
RJ,0
ES,0
MG,0
ES,0
SP,0
BA,1
BA,0
MG,0
MT,0
PR,0
RS,0
SC,0
RS,0
SC,0
MA,0
MG,0
RJ,0
CE,0
PR,0
GO,0
MT,0
SC,0
SP,0
PR,0
ES,0
SP,0
SP,0
RS,0
SP,0
PA,1
SC,0
ES,0
SP,0
AC,0
ES,0
SP,0
ES,0
RJ,0
SP,0
PR,1
RJ,0
PR,0
SC,0
GO,0
MG,0
SP,0
SP,0
ES,0
PR,0
SP,0
SP,0
GO,1
PR,0
AM,0
ES,0
MG,0
RJ,0
PE,0
MG,0
SP,0
AL,0
MG,0
PR,1
SC,0
SC,0
PR,0
ES,0
ES,0
AM,0
ES,0
SP,0
PR,0
MT,0
MG,0
PR,0
MA,0
BA,0
DF,1
PA,0
MG,0
SC,0
PR,0
RS,0
RJ,0
AP,0
SP,0
ES,0
ES,0
RJ,0
BA,0
GO,1
PA,0
SP,0
ES,0
RS,0
RS,0
RS,0
PE,0
BA,1
MG,0
RS,0
MT,0
PR,1
SC,0
SC,0
GO,0
SC,1
SP,0
RJ,0
MA,0
SP,0
SC,0
PR,0
MG,0
PA,1
ES,0
SC,0
ES,0
RJ,0
BA,0
MG,0
AM,0
MG,0
PR,0
RJ,0
SC,0
PR,0
ES,0
PA,0
SP,0
BA,0
MG,0
BA,0
SP,0
SC,0
RS,0
MG,0
ES,1
RS,0
DF,1
AL,0
SP,0
MG,0
PE,0
SP,0
AM,0
AL,0
SP,0
SP,0
SP,0
GO,0
MT,0
ES,0
SC,0
RS,0
PR,0
RJ,0
PE,0
MG,0
RS,0
SP,1
MT,0
SC,0
PR,0
SP,0
SC,0
GO,0
SC,0
MG,1
SC,0
PR,0
PR,0
PR,0
PE,0
MG,1
MG,0
PA,0
MG,0
SC,0
SP,0
ES,0
RJ,0
SP,0
SC,0
MS,1
RJ,0
ES,0
PR,0
RS,0
SP,0
ES,0
SP,0
SP,0
ES,0
SP,0
SP,0
RS,0
SP,0
PR,0
RJ,0
PR,0
DF,0
SP,0
BA,0
RJ,0
SP,0
RS,0
SP,0
BA,0
PR,0
AL,0
SP,0
RJ,0
MA,0
SP,0
ES,0
RO,0
PA,0
ES,0
RS,1
SP,0
MG,0
RJ,0
ES,0
MA,0
ES,0
RJ,0
SP,1
RS,0
RS,0
MG,0
PR,0
SP,0
MG,0
PR,0
MT,0
SP,0
RS,0
AL,0
MG,0
RJ,0
PR,0
ES,0
PA,0
RJ,0
ES,0
RJ,0
SP,0
PR,0
MG,0
GO,0
PR,0
MA,0
MG,0
MT,1
SP,0
AL,0
BA,0
PR,0
AP,0
BA,0
PR,0
PR,0
PR,0
PA,0
CE,0
SC,0
AC,0
MG,0
SP,0
GO,0
MG,0
PR,0
PR,0
PR,1
SP,0
ES,0
MA,0
CE,0
RJ,0
AL,0
SP,0
ES,0
RJ,0
ES,0
PI,1
RS,0
SP,0
RJ,0
SP,0
MA,0
BA,0
GO,0
PA,0
RS,0
ES,0
CE,0
MG,0
SC,1
PR,0
SP,0
ES,0
SP,0
ES,0
ES,0
PA,0
ES,0
MG,0
PE,0
AP,0
BA,1
ES,0
SP,0
SP,0
MG,0
RS,0
RJ,0
PE,0
SP,0
SP,0
MG,0
AP,0
MG,0
BA,1
ES,0
SP,0
RS,0
PA,1
SP,0
BA,0
SC,0
MG,0
RJ,0
AL,0
RS,0
ES,0
MT,0
SP,0
MT,1
PR,0
MG,0
RS,0
PR,1
RS,0
SP,0
BA,1
ES,0
SP,0
SC,0
AL,0
PR,0
SP,0
BA,1
BA,0
ES,1
MT,1
GO,0
MG,1
RJ,0
MG,0
MG,0
MG,0
MG,0
MA,1
AP,0
SP,0
MG,0
MS,1
SC,0
PR,0
MG,0
MG,0
MT,1
RS,0
MG,1
PR,0
MG,1
SP,0
MG,0
MG,0
MG,0
MG,0
MT,1
ES,1
MA,1
MG,0
RJ,0
RO,1
SP,1
PR,0
MT,0
MT,1
SC,0
RS,1
ES,0
MT,1
ES,0
GO,0
MG,1
RO,1
MG,1
RS,0
PE,0
RR,0
MG,1
AL,0
MG,0
BA,1
TO,1
MG,1
ES,0
PR,0
PR,0
ES,1
PR,0
MA,0
AL,0
SP,0
GO,1
PR,0
SC,0
ES,0
SP,0
MS,1
SP,0
AM,0
ES,0
SP,0
PR,1
RJ,0
BA,1
SC,0
AM,0
MT,1
RS,0
MG,1
SP,1
RJ,0
ES,1
MT,1
SP,0
GO,1
SP,0
SP,1
MG,0
SP,0
SC,0
RS,0
BA,1
MG,0
ES,0
MA,1
MT,1
PR,0
MT,1
RJ,0
SC,0
MG,0
PR,0
ES,0
MA,0
SP,0
MG,0
MS,1
MA,1
MA,0
RJ,0
MT,1
ES,0
SP,1
PR,0
MG,1
MG,1
PE,0
RO,1
ES,0
RO,1
MT,1
RJ,0
MT,1
MG,0
MG,0
PR,0
PR,1
RS,0
GO,1
ES,0
RS,0
MG,1
SP,0
RS,1
RS,0
ES,0
PA,0
SP,1
GO,1
RJ,0
SC,0
RS,0
PR,0
RO,1
TO,0
MG,1
MS,1
SC,1
MS,1
GO,1
MG,1
GO,0
PA,1
MG,0
PR,0
SP,0
SP,1
PA,0
ES,0
SP,0
SP,1
MA,0
ES,0
PA,1
RJ,0
MG,1
SP,1
PA,0
PA,0
PA,1
SP,0
SP,0
MG,1
PA,0
DF,1
SP,0
PR,0
BA,0
MG,0
SP,0
ES,0
MG,0
AM,0
ES,0
CE,0
MT,0
CE,0
PE,0
SP,0
SP,0
GO,1
PR,0
CE,0
SP,0
MG,0
PR,0
MT,1
PR,0
RS,0
GO,1
SP,0
MG,0
PR,0
ES,0
SP,0
AL,0
SP,0
RS,0
SP,1
BA,1
MT,0
SP,0
RO,1
SP,0
SP,0
ES,1
SP,0
RS,0
GO,0
SP,0
GO,1
MG,0
MG,0
GO,0
MG,1
MA,0
SP,0
SP,1
DF,1
SP,0
MG,0
MG,0
MG,1
MG,1
SP,0
MA,1
TO,1
BA,0
MG,0
RJ,0
MT,0
ES,1
SP,0
BA,1
GO,1
SP,0
PR,0
SP,0
BA,0
SP,0
RS,0
PR,1
BA,0
SC,0
SP,0
SP,0
AL,0
SP,0
PA,0
SP,0
SP,0
GO,1
RR,0
PI,1
RS,0
SP,0
GO,0
TO,1
AP,0
AC,1
ES,0
SP,0
ES,0
RJ,0
PR,1
MG,1
MT,1
AM,0
SP,0
BA,0
RJ,0
PA,1
MT,1
MT,1
ES,0
SP,0
RJ,0
PR,0
MG,0
SP,0
SP,0
BA,1
MS,1
SP,0
BA,0
SP,0
BA,0
RJ,0
RJ,0
SP,0
MG,0
PA,1
RS,0
SC,0
PR,0
MA,0
MG,0
PR,0
MG,1
RS,0
SP,0
SC,1
PA,0
MG,0
PE,0
SP,0
SP,0
SP,0
RJ,0
RJ,0
ES,0
AM,0
SP,0
MG,0
RS,0
RJ,0
RO,1
SC,0
ES,0
BA,0
BA,0
MS,1
SP,0
SP,0
GO,1
MG,1
SP,0
RJ,0
SP,0
MT,0
SP,0
PR,0
SP,0
AL,0
SP,0
PI,1
ES,0
MT,1
RJ,0
ES,0
GO,1
SP,0
RS,1
MG,0
RJ,0
AP,0
ES,0
RS,0
RJ,0
RJ,0
RO,1
MG,0
AL,0
BA,0
PR,0
ES,0
PR,1
AM,0
MT,0
RS,0
RO,1
SP,1
PA,0
SP,1
PR,0
PR,0
PA,0
ES,0
RS,0
PR,0
RR,0
SC,0
AL,0
RS,1
PA,0
PA,0
PA,0
RS,0
PR,0
PE,0
GO,0
SP,0
MT,1
SP,0
PI,1
SP,0
AL,0
ES,0
RJ,0
ES,0
RS,0
SC,0
PA,0
RS,0
PR,0
MG,0
ES,0
SP,0
SC,0
SP,0
MT,1
MG,1
AL,0
SP,0
MT,1
ES,0
MA,0
SP,0
RS,0
MG,1
AL,0
RJ,0
PR,0
PR,1
RJ,0
SC,0
SP,0
MG,1
MT,0
PA,0
BA,1
MA,0
AC,1
BA,1
SP,0
BA,1
AP,0
PA,1
MT,0
BA,0
RJ,0
SP,0
PA,0
RJ,0
RJ,0
MG,0
PA,0
TO,1
MG,0
RJ,0
ES,0
RS,1
PA,1
SP,0
ES,0
MG,0
RS,0
CE,0
BA,1
MG,0
SC,0
SP,0
RO,0
SP,0
RJ,0
SP,0
SP,0
SC,0
PA,1
PR,0
ES,0
ES,0
SC,1
SC,0
RJ,0
BA,1
MT,1
ES,0
RS,0
MG,0
PR,1
SC,0
ES,0
PR,0
SC,0
RS,0
MG,0
RJ,0
SP,0
RO,1
PR,0
AL,0
SP,0
PA,0
TO,1
RJ,0
GO,0
BA,0
ES,0
PA,0
RJ,0
SP,0
SC,0
ES,0
MT,0
SP,0
MA,0
MG,0
SP,0
RO,1
ES,0
MG,1
SP,0
MG,1
RS,1
SP,0
SP,0
MG,0
MG,0
CE,0
SP,0
SC,0
MG,0
AP,0
PR,0
MT,0
ES,0
MT,1
SC,0
ES,0
PR,0
MG,0
PA,0
RJ,0
MT,0
GO,1
MG,1
SP,1
PA,0
SC,0
MG,0
PA,1
PR,1
SP,0
MT,0
SP,0
SP,0
ES,0
RJ,0
TO,1
MA,0
AL,0
BA,1
MA,0
MG,1
PR,0
RJ,0
SP,0
MG,0
SC,0
SP,0
PA,1
MT,1
ES,0
SC,0
RS,0
RS,0
RS,0
PR,0
MS,1
RJ,0
ES,0
PR,0
PA,0
RJ,0
PR,0
BA,1
PR,0
ES,1
GO,1
PE,0
SP,0
RS,0
ES,0
ES,0
MA,0
RJ,0
SP,0
MT,0
MA,0
MT,1
ES,0
ES,0
PR,0
SC,0
AM,1
SP,0
MG,0
BA,1
MA,0
MA,0
ES,0
PR,1
SP,0
SP,0
PR,1
SP,1
SC,0
PR,0
RJ,0
MT,1
PR,0
MG,1
PR,1
RS,0
SP,0
SP,0
ES,0
MA,0
ES,0
RJ,0
ES,0
MG,1
RJ,0
PR,0
MT,1
SP,0
SC,0
MG,0
RR,0
SC,0
SC,0
BA,0
SP,0
SC,0
BA,0
AL,0
SP,0
SP,0
ES,0
SP,0
RJ,0
MG,0
ES,0
MG,1
PR,0
PA,0
CE,0
SP,0
SP,0
RR,0
RJ,0
ES,0
MG,0
SC,0
SP,0
SP,0
SP,0
MT,0
RS,0
MG,0
RJ,0
BA,0
PA,0
RR,0
RR,0
RJ,0
SP,0
MT,1
ES,0
MG,0
SP,0
SC,1
RJ,0
MG,0
SC,0
MT,1
SP,0
RS,0
SP,0
ES,1
RJ,0
AM,0
BA,1
MG,0
RS,0
ES,0
SP,0
PA,0
MG,0
PR,0
RS,0
PI,0
PE,0
MA,0
SP,0
AC,1
PI,0
ES,0
MA,0
RS,0
SP,0
PA,1
PR,0
RS,0
TO,1
BA,0
MG,0
ES,1
RS,0
SP,0
SP,0
AM,1
SP,0
BA,0
SP,0
GO,1
MG,0
SP,0
RS,0
RJ,0
GO,0
SC,0
SP,1
ES,0
MT,0
MG,0
PR,0
BA,0
PE,0
MA,0
PI,1
RS,0
SP,0
MG,1
SP,0
MG,1
RJ,0
ND,0
PA,0
MG,0
SP,0
AM,0
AM,1
SP,0
MG,0
BA,0
PR,0
AL,0
RS,0
ES,0
MT,0
SC,0
SP,0
PI,1
GO,1
MG,0
AP,0
ES,0
AC,1
SP,0
RS,0
BA,0
SP,0
RJ,0
RJ,0
AC,1
SC,0
SC,1
SP,0
PR,0
PR,1
MA,0
RS,0
RS,0
SP,0
MG,0
SP,0
SP,0
RJ,0
SP,0
ES,0
BA,1
RS,1
PR,0
RS,0
RJ,0
BA,0
ES,0
SC,0
PR,0
SP,0
TO,1
ES,0
RS,0
RS,0
SC,0
SC,0
PR,1
SP,0
RS,0
RJ,0
ES,0
BA,1
PR,0
MG,1
ES,0
SP,0
BA,0
BA,1
SP,0
RJ,0
ES,1
RJ,0
RJ,0
GO,0
SC,0
SP,0
SC,0
RJ,0
SC,0
PA,0
PR,0
SP,0
AM,0
RJ,0
BA,0
MG,0
MG,0
BA,0
RJ,0
MG,0
ES,0
MS,1
SP,0
MG,0
MG,0
SP,0
CE,0
SC,0
ES,0
PA,0
ES,0
RR,1
AL,0
RO,1
SP,0
RJ,0
MG,0
PE,0
TO,0
CE,0
RJ,0
PR,1
RS,0
MG,0
SC,0
SP,0
PR,0
MT,1
MT,0
MT,0
AM,0
PR,0
MG,0
SP,0
GO,1
BA,0
MT,0
RS,0
SP,0
ND,1
RR,0
CE,0
AM,0
SP,0
MA,0
PA,0
RS,0
GO,0
ES,0
SP,0
RS,0
PR,0
PE,0
BA,0
SP,0
CE,0
MG,0
SP,0
PA,0
ES,0
MS,1
ES,0
RS,1
PR,1
SC,0
PR,0
ES,0
MG,0
GO,1
SP,0
ES,0
MG,0
RS,0
RJ,0
SC,0
SP,0
BA,0
SP,0
RJ,0
RS,0
SP,0
AM,0
AL,0
SC,0
RJ,0
SP,0
MA,0
SC,1
MG,1
AM,0
SC,0
BA,1
PR,0
SC,0
PR,0
SC,0
AL,0
ES,0
AP,0
SP,0
PA,0
MG,0
PR,0
ES,0
SP,1
CE,0
ES,0
RJ,0
RJ,0
RJ,0
SP,0
MA,0
SP,0
SP,0
RJ,0
PR,0
RO,1
PR,1
PR,0
AL,0
RJ,0
SP,0
RS,0
SP,0
SP,0
BA,0
CE,0
MT,0
PE,0
RS,0
AM,0
ES,0
RJ,0
ES,0
GO,1
SP,0
SP,0
AM,1
PR,0
SP,0
CE,0
GO,1
RO,0
MG,0
SP,0
MG,0
BA,0
SP,0
PE,0
PR,0
RS,0
GO,0
PA,1
SP,1
SC,0
SC,0
MA,1
SP,0
PR,0
PR,0
RS,0
ES,0
MA,0
ES,0
RJ,0
SP,1
RJ,0
PA,0
ES,0
PE,0
SP,0
ES,0
MA,1
ND,1
AM,0
AC,1
SP,0
AL,0
RJ,0
GO,1
SP,0
SP,0
AM,0
SC,0
ES,0
RJ,0
SP,0
RS,0
AM,1
RJ,0
ES,0
SP,0
SP,0
SP,1
SC,0
RS,0
AC,0
RR,0
SP,0
RJ,0
RJ,0
BA,0
SP,0
RS,0
SP,0
MT,0
SP,0
MG,0
SC,0
PR,0
PR,1
SP,1
PR,0
GO,1
MG,0
GO,0
PE,0
SP,1
AL,0
MT,1
SP,0
RS,0
RJ,0
RS,0
SP,0
RJ,0
RJ,0
TO,0
AP,0
RS,0
RJ,0
MG,0
SP,0
MG,0
PR,0
MG,0
RJ,0
SP,0
SP,0
RJ,0
SC,0
ES,0
PR,0
SP,0
PR,0
RO,1
MG,1
MA,0
ES,0
ES,0
MG,0
TO,0
AM,0
AM,0
PR,0
MG,0
RJ,0
ES,0
MA,0
BA,0
MA,1
AL,0
MG,0
ES,0
SP,0
RS,0
AP,0
ES,0
PR,0
AM,0
BA,0
AL,0
MA,0
MT,0
AL,0
TO,1
ES,1
GO,0
PR,0
PA,1
RS,0
MA,0
PR,0
RJ,0
RJ,0
ND,1
RJ,0
MG,0
SP,0
PA,0
SC,0
SC,0
SP,0
PR,0
PR,0
MT,1
MT,0
SP,0
PA,0
MG,0
RJ,1
PA,0
GO,1
BA,1
PA,0
ES,1
MG,0
MA,0
RS,0
SP,1
RJ,0
RJ,0
PR,0
BA,0
SP,0
PR,0
BA,1
AL,0
RJ,0
SP,0
SP,0
RS,0
ES,0
MA,0
PR,0
RJ,0
PE,0
SP,0
GO,0
RJ,0
RJ,0
BA,0
RS,0
SC,0
BA,0
MG,0
ES,1
ES,0
ES,1
RS,0
SP,0
ES,0
GO,0
SP,0
RO,0
CE,0
AL,0
AM,0
PR,0
BA,1
PA,0
BA,0
GO,0
RJ,0
RJ,0
ES,0
SP,0
MG,0
CE,0
RJ,0
MA,0
AM,0
RS,0
SP,0
SC,0
SP,0
GO,1
MG,0
PR,0
PR,1
RS,0
SP,1
SC,0
SP,0
SP,0
SP,0
RS,0
PE,0
SP,0
SC,0
RS,0
SP,0
RS,0
SP,0
MT,1
ES,0
MG,0
AL,0
AL,0
SP,0
SP,0
GO,1
RS,0
MG,1
PR,0
SP,0
MA,1
PA,0
PR,1
PR,1
MG,0
MG,1
SP,0
MG,0
MG,1
RS,0
SP,0
PE,0
MA,0
PR,0
PR,0
RJ,0
SP,0
MG,1
PR,1
RO,1
SP,1
MT,0
BA,0
MG,1
SC,0
MG,0
GO,1
MT,1
MS,1
RJ,0
SP,0
MG,1
MG,1
MT,1
RJ,0
SP,0
MG,1
MT,1
MG,1
SP,0
MG,1
SP,0
PA,0
SP,0
RS,0
PA,1
SP,0
ES,0
SP,0
RJ,0
MA,0
SC,0
BA,1
RJ,0
TO,1
MT,1
PR,0
MT,1
ES,1
MT,0
SP,0
MT,1
RO,1
SC,1
SC,0
RJ,0
RJ,0
MT,1
RJ,0
SP,0
TO,1
SP,0
RJ,0
MT,1
GO,0
MT,0
MG,0
SP,0
RS,0
SP,1
SP,0
SP,0
MT,1
PR,0
PR,0
ES,0
SP,0
RS,0
SC,1
RS,0
GO,0
RS,1
MT,1
MG,0
MG,0
MT,1
SP,0
AL,0
MG,0
SP,0
ES,1
SP,0
RS,1
MT,1
MA,0
MG,0
SP,0
GO,1
PR,0
SP,1
MS,1
MT,1
RO,1
SP,0
RS,0
PA,0
SP,0
RS,0
MG,0
MT,1
RS,1
SP,1
PA,0
MT,1
SP,0
RS,0
GO,1
RS,0
BA,1
RO,1
SC,0
PA,0
SP,0
ES,0
RO,0
SP,0
MT,1
MG,1
SP,0
MG,1
MT,1
MT,1
MG,1
SP,0
SC,0
SC,0
SP,0
SP,1
SP,0
RS,0
RS,0
MA,1
PR,0
MT,0
MG,0
ES,0
MG,0
MG,1
SP,0
MG,0
MA,0
MA,0
SC,0
GO,1
MA,0
ES,0
AP,0
PA,0
SP,0
MG,0
MT,0
PR,0
AM,0
MG,1
MG,1
GO,1
SP,0
MG,1
SP,0
SP,0
PA,0
SP,0
SC,0
MG,1
MS,1
MG,0
RJ,0
MT,0
SP,0
PR,0
SP,0
MA,0
SP,0
PR,0
PA,0
RJ,0
PR,0
MA,1
SP,0
MT,0
SP,0
MS,1
SC,0
ES,1
ES,0
MT,1
SP,0
MT,1
MG,0
SC,0
MG,0
MT,1
MG,0
ES,0
SP,0
MT,1
MA,0
SP,0
PR,1
PR,0
RJ,0
RS,0
MG,1
RS,0
BA,1
SP,0
RJ,0
RJ,0
SC,0
AL,0
SP,0
PR,0
SC,0
GO,0
AP,0
SP,0
SP,0
ES,1
SP,1
PR,1
GO,0
SP,0
RS,1
MG,1
RS,0
RJ,0
SP,0
SP,0
PR,0
MG,0
SC,0
BA,0
RJ,0
MS,1
CE,1
RJ,0
RO,1
RS,1
AL,0
RS,0
MG,0
MG,0
ES,0
MT,0
MA,0
CE,0
GO,1
BA,0
PR,0
PA,1
MG,0
PR,0
PR,0
RS,0
MA,0
PI,0
MG,0
GO,0
SP,0
RS,0
MT,0
MT,1
RS,0
ES,1
PR,0
MT,1
RS,1
TO,1
RS,0
SP,0
PE,0
MA,0
MT,1
SP,0
RJ,0
MT,1
SC,0
MG,0
RJ,0
ES,1
GO,1
MT,0
ES,0
SP,1
ES,0
MG,0
GO,0
ES,0
BA,0
RS,1
RJ,0
BA,1
PR,0
AL,0
CE,0
RS,0
MG,0
ES,0
RJ,0
ES,0
PR,0
SC,0
AL,0
MA,0
SP,0
RS,0
SP,0
PI,0
SP,0
MG,1
MG,0
RJ,0
CE,0
SP,0
MA,0
SC,1
GO,0
MG,0
MS,1
PR,1
SP,1
AM,0
PE,0
MT,0
SP,0
RS,0
PR,1
SC,0
SC,0
BA,0
MG,0
SP,0
GO,0
MG,1
MG,0
RO,1
SC,0
ES,1
SC,1
SP,0
PR,0
SC,0
SP,0
ND,1
AM,0
PR,0
RS,0
BA,0
RS,0
SP,1
PR,0
PR,0
RJ,0
ES,0
PR,1
MT,1
MA,0
RS,0
PA,0
RS,0
PR,0
RS,0
SP,0
BA,1
SP,0
SC,0
PE,0
SP,0
GO,1
ES,1
MT,1
MG,1
PR,0
SP,0
ES,0
BA,0
MG,0
RJ,0
SP,0
AL,0
SP,0
MA,0
RS,1
ES,0
AM,0
RR,0
RJ,0
MG,0
SC,0
SP,0
PA,1
RS,0
AM,0
AM,0
PA,0
SC,0
SP,0
ES,1
PA,1
RS,0
SP,0
SC,0
RO,1
PR,0
RR,0
MA,0
SP,0
PR,1
CE,0
RS,0
PI,1
CE,0
SP,0
ND,1
ES,0
SP,0
MG,0
MG,1
PR,1
MG,0
PE,0
GO,0
MS,1
MA,0
RS,0
SP,0
AL,0
SP,0
MG,0
RO,1
MG,0
RS,0
SP,0
MT,1
MT,1
RJ,0
PA,0
SP,0
PA,0
PR,0
RJ,0
SC,0
RR,0
BA,0
ES,1
RJ,0
SC,0
MT,0
RJ,0
MA,0
SP,0
RJ,0
SP,0
SP,0
SP,0
MG,1
BA,0
PR,0
MG,0
BA,0
SP,0
MG,0
CE,0
SC,0
RS,0
RS,0
PA,0
ES,0
RS,0
RS,0
ES,0
PE,0
RJ,0
PE,0
PA,0
RJ,0
SP,0
MA,0
MG,1
MA,0
SC,0
SP,0
GO,1
PR,1
MT,1
MG,0
SP,0
MG,0
MT,1
SP,0
SP,0
MG,0
RJ,0
MT,0
GO,0
SP,0
PR,0
SP,0
SP,1
SP,0
RS,0
ES,0
SC,0
ES,1
SP,0
SP,0
ES,0
PR,1
ES,0
PR,0
CE,0
AM,0
MA,0
MT,0
RS,0
GO,1
BA,0
ES,1
ES,0
SC,0
RS,0
PR,0
GO,0
MA,0
SP,0
PA,0
SP,0
BA,0
PR,0
MT,1
AC,0
ES,0
ES,0
SP,0
PR,0
MT,0
MT,0
MT,0
RJ,0
PA,0
RO,1
RS,0
ES,0
MT,0
AC,1
PA,0
SP,0
RS,0
RJ,0
ES,0
SP,0
ES,0
AL,0
ES,0
RJ,0
MA,0
RS,0
MG,0
RS,0
PA,0
CE,0
RS,0
RS,0
SP,0
RJ,0
BA,0
ES,0
SP,0
ES,0
BA,0
AC,0
SP,0
MA,0
MA,0
RS,0
RJ,0
PE,0
ES,1
SP,0
AL,0
PA,0
ES,0
RS,0
ES,0
AP,0
SP,0
ES,1
SP,0
ES,0
AL,0
RS,0
SC,1
SC,0
RS,1
PR,0
BA,0
ES,0
MG,1
PE,0
PR,0
ES,0
PR,1
RJ,0
PR,0
AM,0
GO,1
SP,0
SP,0
SP,0
PR,0
PR,0
PA,0
PE,0
SP,0
RS,1
ES,1
PR,0
SP,0
MG,0
SP,0
RS,0
SC,0
RS,1
SP,0
GO,0
SP,0
AM,0
MS,0
GO,1
GO,1
SP,0
AC,1
SP,0
ES,0
RJ,0
MT,1
PA,1
SP,0
SP,0
MG,1
SP,0
RJ,0
BA,0
AM,0
PR,0
MA,0
RR,0
AL,0
MG,1
RS,0
SP,0
SC,0
PR,0
BA,1
PR,1
BA,1
BA,1
SP,0
RO,1
SP,0
DF,1
MA,1
BA,0
AC,1
RJ,0
MG,1
RS,0
MG,1
CE,0
ES,1
MG,0
RS,0
SP,0
ES,0
PR,0
SP,0
SP,0
MT,0
PA,0
SP,0
MG,0
MA,0
BA,0
ES,0
ND,1
ES,0
MT,1
MT,1
MT,1
SP,0
MT,1
ES,0
PE,0
PR,1
RS,0
SP,0
PR,1
ES,0
ES,0
BA,0
RJ,0
SP,0
ES,0
SP,0
ES,0
RJ,0
BA,0
SP,1
PA,0
ES,1
RS,0
PE,0
SP,0
ES,0
PA,0
RS,0
RS,0
RS,0
RS,0
MA,0
PR,1
PI,1
MG,0
MS,1
PR,0
BA,0
PA,0
PE,0
PR,0
RJ,0
ES,0
MG,0
MA,1
PR,0
RJ,0
ES,0
RJ,0
BA,1
RS,0
SC,0
RJ,0
MA,1
MT,1
CE,0
MA,0
AC,1
SP,0
BA,0
RS,0
SP,0
SP,0
MT,1
MT,1
ES,0
SC,0
SP,0
SC,0
AM,0
BA,0
SC,1
MT,0
ES,0
RJ,0
SP,0
PA,0
ND,1
PR,0
RS,0
GO,0
SP,0
ES,0
MS,1
SP,0
RO,0
MS,1
PI,1
MT,1
SP,0
PR,0
SP,0
SP,0
RJ,0
SP,0
ES,0
ES,0
ES,1
ES,0
PA,0
RJ,0
ES,0
MT,0
RJ,0
SP,0
ES,0
AP,0
RS,0
ES,0
ES,0
RS,0
SC,0
MT,0
RJ,0
BA,0
PR,0
BA,0
SP,0
RJ,0
SC,0
ES,0
AL,0
SP,1
RJ,0
MT,0
MA,0
MA,0
RJ,0
PR,0
SP,0
BA,0
MG,1
PR,0
RJ,0
ES,0
RJ,0
MG,0
SP,0
BA,0
PR,0
SC,0
AM,0
SC,0
MG,1
MG,0
SP,0
MA,0
ES,0
SC,0
SC,0
SC,0
RS,0
SP,0
SP,0
BA,1
SP,0
DF,0
ES,0
SP,0
ES,0
RJ,0
AL,0
MA,0
SP,0
GO,1
SC,0
RJ,0
MG,1
DF,1
SP,0
ES,0
MG,0
RS,0
AL,0
MG,0
GO,1
SC,0
RJ,0
PE,0
PR,0
RJ,0
SP,0
MG,0
PA,1
RS,0
ES,0
RJ,0
SP,0
BA,1
SP,0
ES,0
MG,0
BA,1
AC,1
SP,0
SC,0
PE,0
ES,0
RS,0
ES,1
SC,0
ES,0
AL,0
PA,1
ES,0
ES,0
ES,0
PA,0
AL,0
MA,0
AP,0
PR,0
RJ,0
MG,0
ND,1
SP,0
RO,0
PA,1
PE,0
MT,1
MG,0
SP,1
BA,0
PA,1
AL,0
GO,0
MA,0
SP,1
PR,0
PE,0
MS,1
RS,0
BA,1
GO,0
RS,1
SP,0
MG,0
AM,0
MG,0
ES,1
ES,0
PR,0
PA,1
ES,0
PR,0
PA,1
MT,1
MG,0
AL,0
PR,0
MG,0
SC,0
MT,0
ES,0
GO,0
MT,0
RS,0
MA,0
ES,0
PE,0
SP,0
MS,1
AM,0
ES,1
SP,0
MG,0
PR,0
SC,0
GO,1
MG,1
MG,0
GO,1
RS,1
AP,0
SP,0
MA,0
MG,0
PR,0
RJ,0
RJ,0
MT,0
PE,0
MA,0
RJ,0
RS,0
ES,0
ES,1
SP,1
SP,0
RS,0
AL,0
SP,0
MG,0
RS,0
AP,0
AL,0
PR,1
MG,0
PR,0
MG,0
RJ,0
MG,0
PR,0
ND,1
SC,0
PA,0
MG,0
MG,0
CE,0
TO,1
SP,1
RJ,0
AP,0
RJ,0
ND,1
ES,0
GO,0
PA,0
SP,0
GO,0
MG,0
ES,0
PR,0
PR,0
RJ,0
RJ,0
MA,0
RO,1
RJ,0
RJ,0
ES,0
PR,0
MG,1
TO,0
RS,0
GO,1
SP,0
RJ,0
SC,0
MT,0
SC,0
BA,1
ES,0
RJ,0
MG,0
AM,0
ES,1
SP,0
RS,0
SP,0
MG,1
MA,0
SP,0
PA,0
ES,0
SP,0
PA,0
MA,0
GO,0
ES,0
PR,0
RJ,0
PR,0
MG,0
SC,0
SP,0
PR,0
AM,0
BA,0
RS,0
GO,1
AM,1
MA,0
MG,0
RS,0
MG,0
BA,0
AM,0
PR,0
MG,0
PR,0
PE,0
PR,0
MG,0
PA,0
MA,0
SP,0
MA,0
GO,1
ES,0
RS,0
SP,0
SC,0
PA,0
PE,0
ES,0
PR,1
BA,0
PR,0
SP,1
BA,1
ES,0
BA,1
GO,0
PR,0
MT,0
SC,0
PR,0
MT,1
RJ,0
PR,0
PE,0
SP,0
BA,1
PA,0
SP,0
SP,0
AL,0
MG,0
MA,0
SP,0
SP,0
RJ,0
SP,0
SP,0
MG,0
MG,0
MG,0
SP,0
PR,1
RS,0
SP,0
GO,0
PA,0
SC,1
BA,0
SP,0
PA,0
MG,0
PR,0
ES,0
PA,0
MG,0
RS,0
PE,0
RS,0
MT,1
RJ,0
PR,0
SP,0
ES,1
PR,0
ES,0
ES,0
SC,0
SP,0
PR,1
MG,0
PA,1
RR,0
MS,1
ES,0
SP,0
AL,0
MA,0
RJ,0
PR,0
PR,0
SC,0
MT,1
MG,1
SP,0
SP,0
PR,0
SP,0
PA,0
MG,1
PR,0
PE,0
ES,0
ES,0
MG,0
SP,0
MA,0
ES,0
BA,1
AL,0
RS,0
ES,0
SP,0
SP,0
PR,0
SP,0
RS,0
SP,0
RR,1
RJ,0
PA,0
PA,0
PR,0
RJ,0
SP,0
ES,0
RS,0
PA,1
MA,0
PR,0
ES,0
SP,0
SC,0
SP,0
MA,0
MG,1
CE,0
SP,0
SP,0
RS,0
GO,0
RJ,0
SP,0
ES,0
SC,0
PA,0
SP,0
SP,0
RS,0
MT,1
BA,1
SC,0
RS,0
RS,0
PR,0
SP,0
MG,0
GO,0
SP,0
BA,0
MS,1
MT,1
AL,0
AL,0
RJ,0
PR,0
BA,0
PA,1
RS,1
SP,0
MG,0
SP,0
PA,0
PA,0
MG,0
SP,0
RJ,0
PR,1
PA,0
MT,1
PR,1
PR,1
SP,0
PR,0
MA,0
MG,0
SP,0
ES,0
MA,0
PR,0
BA,0
MT,1
CE,0
PR,0
SP,0
SP,0
ES,0
MT,1
MS,1
PR,0
PR,0
PR,0
PR,0
MT,1
MT,1
SP,0
MT,1
PR,0
SP,0
SP,0
CE,0
PR,1
MG,0
MT,1
SP,0
GO,1
SP,0
PR,0
SP,1
MG,0
SP,0
MG,1
AL,0
SP,1
SP,1
MG,1
AP,0
MG,1
SP,0
SC,0
PE,0
MG,0
MG,0
MT,0
SP,0
GO,0
MT,1
MT,1
MT,1
MG,0
ES,0
SP,0
MG,1
RJ,0
MG,0
MT,1
MG,1
MG,0
BA,1
RS,0
RS,1
SP,0
AM,1
MS,1
MG,0
PR,1
PA,0
SC,0
PR,1
MT,1
ES,0
GO,0
MG,1
SC,0
SP,1
RJ,0
MG,0
MT,1
MG,1
SP,1
SP,0
MG,1
AM,0
SP,0
MG,0
MG,0
MA,0
BA,0
MT,1
MG,0
PR,0
GO,0
RS,0
MT,1
BA,1
ES,0
PR,0
MT,1
BA,1
ES,0
AP,0
PR,1
SP,0
SP,0
SP,1
MT,1
MT,1
PA,1
GO,0
RJ,0
ES,0
ES,1
BA,1
MS,0
RS,0
PR,0
ES,1
SP,0
AC,0
ND,1
PR,0
RJ,0
RJ,0
MS,1
SC,1
MT,1
MG,0
SC,0
PR,0
MG,1
BA,1
ES,0
SP,0
ES,1
MG,1
GO,0
MG,0
RS,0
MS,1
SC,0
MG,0
SP,0
MG,0
PA,0
MG,0
SP,0
SP,1
MT,1
MG,0
SC,0
RJ,0
MT,1
GO,1
PR,1
SP,0
SP,0
MG,1
TO,1
RJ,0
SC,0
GO,1
RS,0
SP,1
ES,1
SP,0
PR,0
SP,0
SP,0
ES,0
MA,0
ES,0
RJ,0
SP,0
MA,0
SP,0
SP,0
RS,0
BA,0
SP,0
GO,0
MT,1
GO,1
MG,0
SP,0
SP,0
SP,1
MG,0
PR,1
ES,0
MA,0
MG,1
PA,1
ES,0
MG,0
ES,0
GO,1
RJ,0
PA,1
SC,0
RS,0
PR,1
PR,0
BA,1
MT,0
PR,0
SP,0
SP,0
RS,0
PR,0
ES,0
MS,1
GO,1
ES,0
GO,0
AP,1
MG,1
MT,1
SC,0
BA,1
ES,0
RS,0
SP,0
PA,0
MG,0
MA,0
RJ,0
ES,0
PR,0
RJ,0
MG,1
PR,1
AP,0
MT,1
ES,0
MS,0
RJ,0
BA,0
PI,1
MT,0
MG,1
MG,0
PR,1
MT,1
SC,0
MA,0
SC,0
SP,0
SC,0
RJ,0
SP,1
SP,1
SC,0
MG,0
SP,0
SP,0
PR,0
TO,1
PI,0
SP,0
SP,0
PR,0
ES,0
PR,1
SP,0
BA,0
MG,0
RS,0
AL,0
PR,0
RJ,0
RS,0
SP,0
MA,0
MG,0
GO,0
SP,0
PR,0
AM,0
SP,0
RJ,0
MG,1
RJ,0
RS,0
MG,1
SP,0
AP,0
MG,0
BA,0
ES,0
MG,1
PA,1
MT,1
BA,1
RJ,0
MT,1
PR,0
MG,0
GO,1
SP,1
SC,0
MT,1
SC,0
PA,0
TO,1
AP,0
ES,0
RJ,0
MG,1
MG,1
PR,0
ND,1
SP,1
SP,0
MT,1
MG,0
RS,0
MT,1
MT,0
SP,1
ES,0
MA,0
ES,0
PA,0
PR,0
PR,0
MG,1
SP,0
AP,0
SC,0
SC,0
SP,0
SC,0
MG,0
MT,0
MT,1
MT,1
SP,0
MA,0
RS,0
SC,0
SP,0
BA,0
SP,0
SP,0
MG,0
MG,1
MT,1
SP,0
PR,0
PR,0
MA,1
SP,0
ES,1
RJ,0
RJ,1
SP,0
SP,0
TO,1
AC,1
ES,0
PR,0
SP,0
PA,0
SP,0
SP,0
PR,0
ES,0
MT,1
BA,1
GO,1
BA,1
PA,1
MG,1
MG,1
MG,0
ES,0
RJ,0
RS,0
PR,0
ES,0
MG,0
ES,0
MG,0
PA,0
PA,1
ES,0
ES,1
BA,0
SP,0
ES,1
GO,1
MT,1
SP,0
PA,0
RJ,0
RJ,0
AM,0
PR,0
SP,0
MA,0
MG,0
AM,0
SP,0
SP,1
SP,0
SP,0
SP,0
SP,1
RJ,0
GO,0
SP,1
ES,0
TO,1
RR,0
SP,0
GO,0
MG,1
MG,0
SP,0
MG,0
PR,0
MG,0
SC,1
BA,0
RS,0
SP,0
MT,0
AM,0
RS,0
MG,1
ES,0
PR,0
MA,0
SP,0
SP,0
RJ,0
AM,0
BA,1
SP,0
SP,0
ES,0
ES,1
SP,0
SP,0
MA,0
DF,1
RS,0
PA,0
SP,0
MT,0
SC,0
GO,0
SP,0
PR,0
AM,0
PE,0
RJ,0
PR,0
RR,0
RS,0
SP,0
PA,0
MG,0
PR,0
MG,0
AL,0
RJ,0
RJ,0
SP,0
MT,0
RS,0
PA,0
BA,0
PR,0
SC,0
AL,0
SC,0
MS,0
PR,1
ES,0
ES,0
RS,0
RJ,0
MG,1
SP,0
SP,0
SP,0
ES,0
SP,0
GO,1
AM,0
AP,0
RS,0
SC,0
SP,0
RS,0
RR,0
SP,0
SP,0
AM,0
GO,0
PR,0
MG,1
BA,0
SP,0
SC,0
MG,0
RJ,0
MG,0
SP,0
MG,0
ES,0
MG,1
MG,0
TO,0
PA,0
PA,0
RJ,0
AL,0
SP,0
CE,0
SP,0
SP,0
PR,1
SP,0
RO,0
ES,0
MT,1
MG,0
SP,0
ES,0
PE,0
PA,0
AP,0
BA,0
BA,0
AM,1
RO,1
ES,0
PA,0
GO,0
ND,1
MG,0
DF,1
PR,0
AL,0
PR,0
AM,0
MG,0
MT,1
PA,0
DF,1
MA,0
MG,0
SP,0
BA,0
ES,0
MG,1
SP,0
MA,0
SC,0
PR,0
MG,0
MG,0
PI,1
SP,0
MG,0
MA,0
ES,1
SP,0
RS,0
GO,1
SP,0
MG,0
AL,0
SP,1
PA,0
BA,0
SP,0
SC,0
SP,0
ES,0
PR,0
RS,0
AL,0
GO,1
CE,0
SP,0
PR,0
SP,0
ES,0
PA,1
ES,0
BA,1
SP,0
ES,0
MA,0
PR,1
MG,1
SP,0
SP,0
SC,0
MT,0
SC,0
RS,0
GO,1
GO,1
ES,0
PR,0
AL,0
PR,0
MG,0
PA,1
SC,1
MG,0
ES,0
SP,0
ES,1
MT,0
PA,0
PA,1
TO,1
PR,0
RJ,0
AL,0
SC,0
SP,0
RJ,0
SP,0
PR,0
BA,1
SP,0
PR,0
GO,0
ES,0
SP,0
PA,1
SC,1
PR,1
RJ,0
SP,0
RR,0
SP,0
PR,0
ES,0
AM,0
PE,0
MA,0
PI,1
PR,0
SC,0
GO,0
MG,0
ES,0
MA,1
SP,0
MT,1
SP,0
MG,0
AP,0
PR,1
SP,1
RJ,0
GO,0
MA,0
SC,0
ES,0
PR,0
RS,0
ES,0
PR,0
SC,0
MT,1
BA,0
SP,0
PR,0
AL,0
SP,1
PR,0
AP,0
MG,0
BA,0
RJ,0
MG,0
SC,1
SP,0
BA,1
TO,0
MG,0
BA,0
GO,0
MT,1
ES,0
PR,0
SP,0
SP,0
RS,0
SP,0
SP,0
SP,0
PR,0
SP,0
MG,0
ES,0
GO,0
GO,0
MA,0
RS,0
GO,1
TO,1
RS,0
CE,0
ES,0
SP,0
MG,0
BA,0
RS,0
SP,0
PR,0
SP,0
RJ,0
SP,0
RR,0
PR,0
SP,0
ES,1
SP,0
CE,0
GO,0
PR,0
ES,0
AL,0
SP,0
ES,0
MT,1
PA,1
PR,0
BA,0
PR,0
SP,1
SP,0
SC,0
SP,0
ES,0
ES,0
SC,0
GO,0
PA,0
MG,1
ES,0
MT,0
SP,0
PE,0
ES,0
RJ,0
RS,0
RS,0
RJ,0
RJ,0
MT,0
RO,1
MG,0
AP,0
SP,0
MA,1
RJ,0
MS,0
MG,1
SP,0
MA,0
RJ,0
RS,0
BA,1
ES,1
MT,0
MG,0
TO,0
RS,0
RS,0
SP,0
AM,0
BA,1
ES,0
MG,0
SP,0
SP,0
RS,0
SP,0
SP,0
SP,0
RS,0
PR,1
SP,0
ES,0
BA,0
RS,1
BA,1
SC,0
RS,1
TO,0
RJ,0
PA,0
PR,1
MT,0
MA,0
RS,0
BA,1
CE,0
SP,0
SP,0
MG,1
MG,0
RO,1
ES,0
PR,0
PR,0
TO,1
ES,0
ES,0
DF,1
BA,0
ES,0
MG,0
MS,1
MG,0
PA,0
TO,0
SP,0
ES,1
SP,0
GO,1
ES,0
MG,0
RJ,0
RR,0
SP,0
BA,1
RS,0
AM,0
SP,0
RR,0
ND,1
SP,0
PR,0
MG,0
ES,0
SP,0
MG,1
PR,1
RJ,0
MG,0
SC,0
SP,0
PR,0
RJ,0
RS,0
RS,0
SC,0
SP,1
SC,0
SP,0
SC,0
ES,0
BA,0
PR,0
MG,0
MG,1
MG,1
MA,0
SP,0
SP,0
SC,0
RS,0
SC,0
RO,1
PA,0
RJ,0
ES,0
PA,0
SP,0
PR,0
SP,0
BA,1
DF,0
SP,0
MT,0
BA,1
MG,1
SP,0
SC,0
ES,0
PA,0
RO,1
RS,0
SP,0
RS,0
SP,0
MA,0
MG,0
GO,0
RS,0
RJ,0
RJ,0
RJ,0
SP,0
MT,0
BA,1
AM,0
SP,0
RS,0
RJ,0
RO,1
SC,0
SP,0
ES,0
SP,0
BA,1
RJ,0
RS,0
RJ,0
MT,1
CE,0
RJ,0
AL,0
MG,0
MG,0
AP,0
MG,0
MG,0
AM,0
RJ,0
PE,0
PE,0
ES,0
PA,0
SP,0
GO,0
SP,0
PR,0
SP,0
SC,0
SP,0
RS,0
SC,0
BA,1
SP,0
PR,0
MA,0
RS,1
SP,0
PR,0
SP,0
PR,0
PR,0
RS,0
SP,0
MG,0
ES,0
MG,0
DF,1
SP,0
PR,0
RS,0
MG,0
RS,0
MG,0
RJ,0
AL,0
SP,0
AM,1
GO,0
SP,1
MT,1
RJ,0
PR,0
MA,1
SP,0
SP,0
PR,1
MG,0
PR,0
SP,0
SC,0
PR,0
SP,0
SP,0
MA,0
MG,1
ES,0
SP,0
PR,0
ES,0
MG,0
SC,0
PE,0
SP,0
MA,0
RJ,0
MG,0
MG,0
PA,0
SP,0
GO,1
RS,0
PA,0
RS,0
SC,0
ES,0
ES,0
AL,0
MG,0
SP,0
PA,0
BA,1
RJ,0
SP,0
RJ,0
PR,0
BA,0
SC,0
SP,0
PR,0
PA,0
RJ,0
ES,0
PR,0
MG,0
ES,0
ND,1
PR,0
SP,0
PR,1
GO,1
RJ,0
RS,0
ES,0
RJ,0
SC,0
ES,0
SP,0
SP,0
CE,0
MT,1
SP,0
SC,1
RS,0
ES,1
RJ,0
PA,0
ES,0
ES,0
ES,0
RS,0
MS,1
RJ,0
SP,0
MT,1
MA,0
MG,0
RJ,0
PR,0
PR,0
SP,0
ES,0
SC,0
SP,0
CE,0
SC,0
RS,0
GO,1
RO,1
MG,1
AM,0
SP,0
PR,0
ES,1
MG,0
RS,0
MG,0
MA,0
ES,0
ES,0
MG,0
RJ,0
PR,0
RJ,0
MG,0
MA,0
PR,0
RJ,0
PR,0
MG,1
PR,1
RJ,0
MA,0
SP,0
RS,0
MT,0
ES,0
PA,0
CE,0
SP,0
ES,0
AL,0
GO,0
RJ,0
BA,0
MA,0
PA,1
SP,0
MG,0
MG,1
RJ,0
RR,0
SP,0
SP,0
ES,0
BA,1
PR,0
TO,0
SP,0
ES,0
SP,0
MG,1
ND,1
SC,0
SC,0
BA,1
GO,1
PR,0
ES,0
AM,0
MG,0
AL,0
BA,1
MG,0
PR,0
BA,0
SC,0
RS,0
SP,0
BA,1
PA,0
BA,0
RR,0
SC,0
SP,0
PA,1
SP,0
SP,0
ES,0
SP,0
ES,0
PR,0
MG,0
ES,0
SP,0
PA,0
PR,0
ES,1
PR,1
SC,0
SP,1
RJ,0
RO,0
SP,0
PR,0
PA,1
ES,0
MT,1
SP,0
SC,0
PA,0
PR,0
PR,0
RS,0
MT,0
RS,0
RS,0
AL,0
PA,0
AM,0
MA,0
GO,0
MG,0
BA,0
MG,0
ES,0
PR,0
AM,0
AM,0
MG,0
ES,0
MT,0
RJ,0
MG,0
BA,1
MG,0
AL,0
SP,1
ES,0
TO,0
SP,0
MG,1
RJ,0
RJ,0
RS,0
ES,0
PR,0
AP,0
PR,0
MG,0
ES,0
BA,0
SP,0
PR,0
SP,0
RS,0
MT,0
AL,0
ND,1
MA,0
RS,1
SP,1
SC,0
SP,0
RJ,0
SP,0
SP,0
PA,0
ES,0
RJ,0
MG,0
SP,0
MS,1
RJ,0
SC,0
SP,0
AP,0
ES,0
ES,0
SP,0
ES,0
PE,0
PE,0
RS,0
SC,0
RO,0
PA,0
SP,0
MG,0
SP,1
RJ,0
GO,0
RS,0
MG,0
BA,0
RJ,0
MT,1
SC,0
PR,0
SP,0
ES,0
SP,0
AL,0
ES,1
SC,1
RJ,0
SP,0
PA,1
PA,0
MA,0
PE,0
AM,0
SP,0
SP,1
PA,1
SP,0
SC,0
BA,1
PR,0
RS,0
SC,0
PR,0
ES,0
SP,0
RS,0
ES,1
RS,0
MT,0
MG,0
ES,0
ES,0
MA,0
SP,0
SP,1
MG,1
PA,1
SP,1
MG,0
SP,0
SP,0
SP,0
MG,0
ES,1
PA,0
RJ,0
RO,1
SP,0
MA,0
MG,0
MG,0
MT,0
SP,1
MG,1
MT,1
MS,1
MG,0
MT,1
MA,0
ES,0
RS,0
PR,1
MG,0
PR,1
ES,1
ES,0
MS,1
SP,1
GO,1
BA,1
SP,0
PA,1
PA,1
MG,0
MT,1
PI,1
MG,0
MS,1
SP,1
PR,0
MT,0
MT,0
SP,0
SP,0
MG,1
GO,1
PR,0
MT,1
SP,1
MT,1
DF,1
RS,0
MS,1
MT,1
PA,0
ES,0
MA,1
PR,0
PA,0
RS,0
MA,1
ES,0
MG,1
SP,0
AP,0
MG,1
RS,0
PR,0
SP,0
MT,1
PR,1
MT,1
GO,1
MT,1
RJ,0
PR,0
BA,1
CE,0
RS,0
MG,1
SP,1
PR,1
SP,1
SC,0
AM,0
MG,1
SP,0
MG,0
ES,1
MG,0
ES,0
PR,0
SP,0
SP,0
MT,1
SP,0
PA,1
AM,0
MT,1
TO,1
ES,0
SP,0
MG,0
SP,0
SP,0
PR,0
BA,1
MS,1
MG,0
BA,1
ES,0
SC,0
RJ,0
MT,1
PI,1
MG,1
SP,0
SC,1
SP,0
RJ,0
MG,1
SP,0
RS,0
RJ,0
MT,1
ES,0
MG,0
MG,0
PA,1
SP,1
SP,0
BA,0
SP,0
PI,1
SC,0
MT,1
MA,1
BA,0
MT,1
MG,1
MG,0
ES,0
MT,1
ES,0
SP,0
RJ,0
SP,0
BA,0
MG,0
AM,0
MA,0
GO,1
ES,0
ES,0
RS,0
MG,0
ES,0
RJ,0
CE,0
MT,0
SP,0
MA,0
MG,0
CE,0
SP,0
MS,1
MG,1
RS,1
MG,0
RJ,0
MT,1
ES,0
MT,1
RS,0
MG,0
TO,1
SP,1
AM,0
BA,0
PA,0
MG,1
MT,1
SP,0
BA,0
RS,0
AP,0
PA,0
ES,0
MG,0
ES,1
PR,1
ES,0
SP,0
MA,0
PA,0
RS,0
SC,0
ES,0
SP,0
RR,0
GO,0
SC,0
SP,0
SP,0
SC,0
SP,0
MA,0
AM,0
PA,0
BA,0
RJ,0
PA,1
MG,1
SC,0
RO,1
ES,0
SP,0
AP,0
PA,0
ES,1
SP,0
RJ,0
BA,0
RS,0
RS,0
RJ,0
CE,0
PR,0
SP,0
PE,0
PR,0
RJ,0
PR,0
SP,1
RS,0
RJ,0
SP,1
MG,0
PE,0
MT,0
ES,0
RO,1
GO,1
SP,0
GO,1
GO,0
PR,0
RS,1
MS,0
MS,1
PA,0
PA,1
BA,1
MG,1
AL,0
SP,0
PR,0
PR,0
PA,0
ES,0
MG,1
GO,1
SP,0
SP,0
MG,0
PE,0
MG,0
MT,0
ES,0
PR,0
PR,0
AP,0
PR,0
MG,0
RJ,0
PR,0
MG,1
SP,0
GO,0
SC,1
MT,1
RS,0
SP,0
BA,0
RJ,0
MG,0
ES,1
ES,1
ES,0
RJ,0
MG,0
PA,1
AL,0
SP,0
TO,1
RJ,0
PR,0
ES,0
RJ,0
BA,0
MT,1
MA,0
RS,1
AP,0
MG,0
SP,0
GO,1
SP,1
SP,0
SP,0
ES,0
RJ,0
SP,0
PA,0
MT,1
AL,0
BA,1
MG,0
MT,1
GO,1
PA,0
MG,1
GO,0
PE,0
ES,1
SC,0
AC,1
SC,1
RS,0
MG,0
MT,0
PE,0
SP,0
PA,0
MT,1
SP,1
SP,1
MG,0
PA,0
RJ,0
ES,0
SC,0
ES,0
ES,1
MG,0
SP,0
SP,0
MA,0
MT,0
SP,0
SP,0
BA,0
BA,1
PR,0
RS,0
PR,1
RS,0
SP,0
SP,0
SP,0
PE,0
ES,0
GO,0
GO,1
ES,0
SP,0
MG,1
MT,0
SP,0
RS,0
MT,1
RS,0
SP,0
SP,0
RR,0
MG,0
BA,1
MT,1
RO,0
RS,1
AM,0
RJ,0
SP,0
RS,0
RJ,0
RS,0
SP,0
MA,0
MT,1
RJ,0
MG,0
SP,0
RS,1
CE,0
RJ,0
MT,0
ES,0
MG,1
SP,0
MT,0
RS,0
SC,0
PE,0
PR,0
SP,0
PI,1
SP,0
SP,0
SP,0
SP,0
SP,0
RJ,0
SC,0
MA,0
AL,0
ES,0
SC,0
PA,0
MG,0
MT,0
MT,0
SP,0
SC,0
MS,0
AL,0
RO,1
AM,0
CE,0
SC,0
SP,0
SP,1
MG,1
ES,0
SP,0
SC,0
RS,0
ES,0
RS,0
AL,0
TO,1
ES,0
RJ,0
PE,0
RJ,0
MG,0
MA,0
PR,0
MT,1
MG,0
BA,0
MT,1
MG,0
SP,0
BA,0
SP,0
ES,0
RS,0
ES,1
PR,0
MG,1
MG,0
SP,0
SP,0
SP,0
SP,0
RJ,0
BA,1
MG,0
SP,0
ES,0
BA,0
RS,0
ES,0
MA,0
RO,1
SP,0
RJ,0
RS,0
MG,0
ES,0
SP,0
MG,0
MS,1
PA,0
RJ,0
SC,0
PI,1
MS,0
RJ,0
MG,0
GO,1
PR,0
SP,0
BA,1
PA,0
RS,0
ES,0
MA,0
RS,0
SP,0
RJ,0
PR,0
MA,0
MG,0
BA,1
MA,0
ND,1
RS,0
PE,0
SC,0
PA,0
MG,1
PA,1
MG,0
MT,1
BA,1
SP,0
SP,0
SP,0
RJ,0
PA,0
GO,0
RJ,0
BA,0
SP,0
BA,0
PA,0
RS,0
RS,0
GO,0
RO,1
PE,0
RJ,0
MG,1
ES,1
MG,1
ES,0
MG,0
ES,0
TO,1
MT,1
AM,0
PA,0
MG,0
MT,1
ES,1
SP,0
RJ,0
GO,0
CE,0
GO,0
MA,0
ES,0
AM,0
RJ,0
SP,0
RJ,0
MG,0
PR,0
ES,1
MS,1
PR,0
ES,0
DF,1
AC,1
SC,0
MA,0
MA,0
RS,0
MG,1
ES,0
ES,0
ES,0
MG,1
ES,0
MG,0
MA,0
AM,0
RJ,0
RJ,0
DF,1
MG,0
MG,0
ES,0
AM,0
ES,0
MG,0
ES,1
BA,0
AM,0
MA,0
SP,0
ES,0
RJ,0
PR,0
RJ,0
ES,0
MS,1
PR,0
PA,0
RS,0
RJ,0
SP,0
RS,0
PR,1
RS,0
PR,0
ES,0
RS,1
RJ,0
ES,0
BA,0
MG,0
RO,1
MG,1
SP,0
ES,0
SP,0
SP,1
SP,0
MT,0
AM,0
BA,0
PE,0
SP,0
MG,0
SP,0
RO,0
PR,0
RS,0
MG,0
RO,0
MG,0
MA,0
PR,0
SP,0
MA,0
MG,0
MG,0
SP,0
RJ,0
AL,0
MS,0
PR,0
ES,0
AL,0
ES,0
AL,0
SP,0
RO,1
SC,0
PA,0
PR,0
AL,0
SP,0
ES,0
SP,0
RJ,0
RJ,0
GO,0
CE,0
RS,0
SP,0
MG,0
RS,0
PR,0
ES,1
RS,0
AM,0
SP,0
BA,0
AP,0
SP,0
AM,1
SP,0
SP,0
PA,0
BA,1
SP,0
PA,0
RJ,0
MT,1
ES,1
SP,0
SP,0
MG,0
PR,0
SP,0
PA,0
PR,0
ES,0
PR,1
MG,1
SP,0
GO,0
PA,0
ES,1
RJ,0
RJ,0
MA,0
SP,0
MA,1
RJ,0
PR,0
ES,0
CE,0
SP,0
PA,1
GO,1
AL,0
MG,0
MS,0
AL,0
ES,0
SP,0
BA,1
SP,0
ES,0
RJ,0
SC,1
PA,0
ES,0
ES,0
SP,0
MG,0
RJ,0
MG,0
MG,0
SP,0
GO,0
ES,0
MA,0
PR,0
BA,0
RS,0
MS,1
SP,1
BA,1
SP,0
RJ,0
SP,0
MG,0
MS,1
ES,0
GO,0
BA,0
MG,0
MT,1
ES,0
SP,0
MA,1
PR,0
SP,0
PR,0
BA,0
PR,0
MT,1
PA,0
SC,0
SP,0
AL,0
SC,0
SP,0
PR,0
RJ,0
RJ,0
GO,0
AL,0
PE,0
MG,0
PR,0
SP,0
MT,0
SP,0
MG,1
AL,0
PE,0
SC,0
ES,0
RS,0
SP,0
MT,1
PR,0
RS,0
AM,0
MT,0
PR,0
RJ,0
SP,0
BA,1
BA,0
SC,0
MG,0
RO,1
SP,0
MT,1
ES,0
MT,0
ES,0
RJ,0
BA,0
TO,1
PA,0
ND,1
RS,1
MT,0
PR,0
GO,0
ES,0
ES,0
PA,0
RJ,0
SC,0
SP,0
RJ,0
MA,0
GO,1
GO,1
BA,1
PR,0
RO,1
MG,0
CE,0
RJ,0
SP,0
RJ,0
BA,0
RS,0
TO,1
PR,0
PR,0
GO,0
PA,0
CE,0
RJ,0
RJ,0
SC,1
RO,1
SC,0
SC,0
SP,0
PA,0
BA,0
SC,0
SP,0
SP,0
SP,0
PR,0
PR,0
MG,1
RJ,0
AM,0
MT,1
ES,0
PA,1
PA,0
SP,0
RJ,0
SP,0
PR,0
MG,0
MG,0
ES,0
AM,0
RS,0
SP,0
MT,1
ES,0
MG,0
SP,0
MA,0
SP,0
MG,0
SC,0
MA,0
MG,0
SP,1
PR,0
AM,0
PR,0
MG,0
RJ,0
MG,0
MT,1
RS,0
SP,0
BA,0
SP,0
AL,0
RO,0
RJ,0
RS,0
MT,0
SP,0
PR,0
MT,1
RS,0
SP,0
CE,0
PA,0
PA,1
SP,0
SC,0
SP,0
PR,1
MG,0
MT,0
PR,0
PR,0
AM,1
MG,0
SC,0
GO,0
RJ,0
PR,0
MG,0
MT,1
MG,0
SP,0
SP,0
PA,0
ES,0
ES,0
RS,0
AL,0
RO,1
SP,0
PR,0
MT,0
ES,0
SP,0
SP,0
SP,0
RS,0
PA,0
RJ,0
SP,1
SP,0
SC,0
SC,0
MG,0
RJ,0
MG,0
PR,0
RJ,0
RJ,0
SP,0
RS,0
MG,0
MG,1
SP,0
RJ,0
SC,0
RS,0
RS,0
BA,1
SP,0
RJ,0
ES,0
MT,1
PA,1
MA,0
BA,0
BA,0
RJ,0
RJ,0
PA,0
PA,0
PR,0
AP,0
PR,0
SP,0
TO,1
SC,0
ES,0
SP,0
SP,0
RS,1
SC,0
MA,0
MA,0
RJ,0
RJ,0
PR,0
SP,1
RJ,0
AM,1
AM,0
MT,0
MG,1
RJ,0
RS,0
SP,0
PE,0
RO,1
TO,0
MT,1
AM,0
SP,0
BA,1
RS,0
RJ,0
PR,0
MG,0
ES,0
RJ,0
SP,0
DF,1
ES,0
SP,0
SP,0
GO,0
AM,0
AP,0
BA,0
CE,0
MA,0
ES,0
RJ,0
RO,1
MG,1
SP,0
BA,0
RJ,0
GO,0
RJ,0
AP,0
MT,0
PA,0
PR,0
SP,0
AL,0
ES,0
SP,0
PR,0
RS,0
MA,0
SP,0
GO,1
ES,0
PR,0
SP,0
BA,0
MT,1
SC,0
MG,1
SC,0
PA,0
RS,1
GO,0
SC,0
RS,0
RJ,1
SC,0
SC,0
SC,0
RS,1
MG,0
RO,1
PR,0
AL,0
AM,0
ES,0
MT,0
PR,0
SP,1
RS,0
SP,0
PR,0
SP,0
MT,0
PA,1
MA,0
SP,0
RJ,0
AM,0
SP,0
PA,0
SP,0
SP,0
MG,0
PA,0
SC,0
MT,1
SP,0
SC,0
PA,1
BA,0
ES,0
ES,0
ES,0
RS,0
PE,0
ES,0
MA,0
RJ,0
SP,0
AL,0
MG,0
SP,0
PR,0
PE,0
AL,0
GO,0
RJ,0
SP,0
ES,0
PR,0
MA,1
MA,0
PR,0
MG,0
SP,0
PR,0
SP,0
AP,0
BA,0
PR,0
RS,0
SP,0
MA,0
PA,0
MG,0
RJ,0
SP,0
CE,0
MG,0
AM,0
SP,0
ES,0
RS,0
ES,0
PR,0
AM,0
PR,0
GO,1
BA,1
SP,0
ES,0
MA,0
PR,0
SP,0
MG,0
MG,0
RJ,0
BA,0
SP,0
SP,0
RJ,0
AM,0
PR,0
SC,0
SP,0
RJ,0
SP,0
SC,0
RS,0
ES,0
RS,0
SP,0
ES,0
ES,0
SP,0
RJ,0
RS,0
MA,0
SC,0
SC,0
RS,0
MG,0
PR,0
RS,0
GO,0
PA,0
MA,1
PA,0
MG,1
BA,0
PE,0
PR,0
PA,0
ES,0
GO,1
BA,0
RJ,0
RS,0
ES,1
SP,1
BA,0
AP,0
ES,0
PA,0
RJ,0
ES,0
BA,0
SC,0
SP,0
SP,0
MG,0
SC,0
MT,1
SP,0
SP,0
PA,1
SP,0
AL,0
MG,0
MG,0
CE,0
MG,0
SP,0
MG,0
CE,0
PR,0
MG,0
RS,0
SP,0
CE,0
GO,0
PR,0
PR,0
SP,1
ES,0
SP,0
RJ,0
PR,0
RJ,0
SP,0
RJ,0
MT,1
MG,0
RS,0
SP,0
PR,1
AM,1
ES,1
MG,0
MG,0
PA,0
SP,1
MT,0
PR,0
MA,0
MG,0
SC,1
RR,0
PR,0
MG,0
RJ,0
SP,0
ES,0
MT,0
MS,0
MG,1
RS,0
MG,0
MT,1
RS,0
MT,1
GO,0
ES,0
SC,0
AP,0
SP,0
SC,0
SP,0
RS,0
SP,0
TO,1
TO,1
RJ,0
RJ,0
MG,0
MA,0
BA,1
SP,1
PR,1
MG,0
RS,0
PR,0
SP,0
BA,0
CE,0
GO,1
RS,0
SP,0
CE,0
SP,1
RS,0
SP,0
GO,1
MT,1
SP,0
MG,0
CE,0
SP,1
SP,0
SP,0
ES,0
ES,0
MG,1
BA,0
MG,0
MA,0
MA,0
SC,1
SP,0
SP,0
MS,1
BA,1
PR,0
GO,0
ES,0
SC,1
MG,0
MA,0
ES,0
MG,0
MG,0
MG,0
PR,0
SC,0
PR,0
AM,0
PA,1
BA,0
MG,0
MG,1
BA,0
MG,0
PR,0
MT,0
AL,0
PI,0
MT,1
MG,0
MT,0
MG,1
MT,1
AL,0
RJ,0
GO,1
ES,0
RR,0
SP,0
PR,1
SC,0
RS,1
GO,1
MG,0
ES,0
MG,1
ES,0
MG,0
PR,1
ES,0
SC,1
ND,0
GO,0
RJ,0
ES,0
BA,1
MS,1
BA,0
MS,0
PR,1
MT,0
PR,0
MG,1
PA,0
MA,0
RJ,0
GO,1
DF,1
SP,0
ES,0
PA,0
SC,0
MT,1
RO,1
SP,0
ES,1
SC,0
ES,1
SP,0
MG,0
ES,1
RS,0
MG,0
MS,1
PR,0
SC,0
MG,0
SP,0
MG,0
SP,0
SC,0
MG,1
MG,1
MT,0
MT,1
BA,0
RS,0
ES,0
SP,0
ES,0
PR,0
ES,1
PR,0
BA,1
DF,1
SP,0
PR,1
MT,1
RO,1
MS,0
PA,0
PR,0
PI,1
AL,0
SC,0
TO,1
RO,1
RJ,0
RS,1
MT,0
RJ,0
PR,0
ES,1
SP,0
MG,1
MT,1
SP,1
AP,0
SP,0
ES,0
MT,1
RO,0
ES,0
MA,0
RO,0
AL,0
RJ,0
SP,0
AM,0
SP,0
RJ,0
SP,0
RJ,0
SP,0
MT,1
PR,0
GO,0
BA,0
MG,1
MG,0
MT,1
BA,0
TO,1
MT,1
GO,1
MT,0
SP,0
MG,0
SP,0
RJ,0
RJ,0
MG,0
PA,1
MT,1
MT,1
MT,1
RJ,0
MG,0
PR,0
PA,0
SP,0
MG,0
MA,0
MG,0
MT,0
MG,1
MT,1
MG,1
TO,1
SP,0
PR,0
BA,0
SP,0
SP,0
PR,0
PE,0
SP,0
SC,1
ES,1
TO,1
SP,0
MA,0
ES,0
MG,0
SP,0
PR,1
MG,0
RJ,0
MG,1
SP,0
MS,1
RS,0
ES,0
RJ,0
SP,0
MG,0
GO,1
MG,1
SP,0
PA,0
AL,0
RJ,0
GO,1
SP,0
PR,1
RJ,0
PA,0
MT,1
RR,0
GO,1
MS,0
SP,1
PA,1
PI,1
MA,0
SP,0
MT,1
SP,0
MA,1
MS,1
AL,0
PE,0
SP,0
SP,0
MG,0
AM,0
MG,0
SP,1
ES,1
ES,0
RS,0
MG,0
SP,0
MT,0
MG,1
ES,0
SP,0
PR,0
SP,0
MG,0
PA,0
RJ,0
PR,1
RJ,0
SC,0
ES,0
RS,0
MT,0
AC,1
SP,0
MG,0
SP,0
MG,0
BA,1
RS,0
SP,1
RJ,0
MA,0
AM,0
MG,0
SC,0
RS,0
PA,1
PR,0
ES,0
RJ,0
RR,0
RJ,0
MG,1
RJ,0
ES,0
SP,0
GO,0
RJ,0
MG,0
SP,0
PA,0
RS,0
RJ,0
MT,1
BA,0
BA,0
ES,0
AL,0
SP,0
SC,0
PR,0
RJ,0
PA,0
ES,0
CE,0
GO,0
RJ,0
RO,1
MG,0
SP,0
SP,0
RS,0
CE,0
AL,0
BA,1
SP,0
MG,0
MG,1
TO,0
SP,0
SP,0
PA,0
RS,0
BA,1
SC,0
SP,0
MT,0
PR,0
SP,0
BA,0
AP,0
MG,0
SP,0
SP,0
MA,0
ES,1
MT,1
RJ,0
SP,0
MG,0
PR,0
ND,1
PI,1
ES,1
MG,0
RS,0
SP,0
SP,0
BA,1
SC,1
SP,1
RO,1
SC,0
SP,0
PR,0
ES,0
MA,0
RO,1
BA,0
PR,0
RJ,0
PR,0
PR,0
ES,0
MA,0
SC,0
PR,0
ES,0
SP,0
SP,0
BA,0
MT,1
SP,0
PE,0
MA,0
ES,0
SP,0
SC,0
PR,0
SP,0
SP,0
ES,0
RO,1
AP,0
MT,0
RS,0
SP,0
RS,0
AL,0
MG,0
ES,1
ES,0
RJ,0
MA,1
ES,0
RJ,0
SP,1
BA,0
MG,0
SP,0
MT,0
MG,0
MA,0
RS,1
ES,0
PR,0
RJ,0
MT,0
PR,0
PR,1
MT,1
SC,0
SP,0
MT,0
TO,1
ES,0
SP,0
BA,1
RJ,0
PR,0
RJ,0
SP,0
SP,0
RJ,0
ES,0
RO,1
SC,0
MG,0
SP,0
SC,0
MS,1
MA,0
SP,0
MG,0
RJ,0
SP,0
SP,0
SP,0
MG,0
MT,0
PR,0
AM,1
MG,0
GO,0
ES,1
RJ,0
MG,1
ES,0
SP,0
SP,0
SC,0
MG,0
GO,0
RJ,0
CE,0
ES,0
MG,0
ES,0
MG,0
SC,0
RS,0
MG,0
RJ,0
SP,0
RS,0
AM,0
PR,0
SP,0
SP,0
SP,0
MA,0
RJ,0
SP,0
PA,0
PR,0
ES,0
PR,0
SP,0
SP,0
MS,0
PR,0
MA,0
PR,0
MT,0
PA,1
RS,0
RS,0
PR,0
BA,0
RJ,0
ES,0
AM,0
PR,0
PR,0
RJ,0
MG,0
RJ,0
RJ,0
RJ,0
RS,1
GO,0
RJ,0
RJ,0
ES,0
ES,0
SP,1
RJ,0
BA,0
ES,0
RJ,0
MG,0
MT,0
MS,1
SP,0
RJ,0
GO,1
PA,0
SP,0
RO,1
PR,0
SP,0
SC,0
PR,0
MG,1
AM,0
ES,0
RJ,0
SP,0
SP,0
SP,0
MG,0
ES,0
SC,0
MG,0
SP,0
MG,0
RS,0
GO,0
RJ,0
MT,1
MG,1
MG,1
SP,0
TO,1
MG,0
RO,1
RS,0
RJ,0
SP,0
MG,1
AL,0
GO,1
MA,0
SP,0
ES,0
AM,0
PR,0
GO,0
MA,0
PE,0
SC,0
MG,0
PE,0
AL,0
RJ,0
SP,0
PA,0
CE,0
PA,0
RJ,0
GO,0
RJ,0
AM,1
MG,1
SP,0
PA,0
MG,1
RJ,0
MG,0
MA,0
PA,0
ES,0
PE,0
PR,0
SP,0
RO,1
RS,0
MG,0
SP,0
SP,0
RO,1
RS,0
MG,1
CE,0
RS,1
MS,1
RJ,0
BA,0
SP,0
PR,1
RJ,0
BA,0
MG,1
ES,0
GO,0
SP,0
RS,0
DF,0
RJ,0
PR,0
AP,0
SP,0
MG,0
SP,0
SP,0
SP,0
SP,0
ES,1
BA,1
ES,0
PR,0
SP,1
PA,0
RJ,0
ES,0
SP,0
RS,0
ES,0
PR,1
SP,1
BA,0
PA,0
RS,0
AM,0
PR,0
MG,0
SP,0
TO,1
MA,0
AL,0
PR,0
MG,0
SP,0
MG,0
PR,0
BA,0
RS,1
RJ,0
BA,0
MT,0
PR,0
RS,0
ES,1
SP,0
RS,1
MG,0
SP,0
AL,0
AL,0
SP,0
SC,1
RJ,0
MA,0
RJ,0
SP,1
SP,0
BA,0
PR,0
RJ,0
BA,0
MT,1
RS,0
RJ,0
ES,0
SP,0
MG,0
RS,0
GO,1
MT,0
TO,0
BA,0
PE,0
SC,0
PR,0
SP,0
RS,0
RJ,0
PR,1
SP,0
RS,0
BA,0
SP,0
SC,0
AM,0
MG,0
BA,1
MG,0
SP,0
RO,1
RO,1
ES,0
PR,0
SC,0
PR,0
MA,0
BA,0
MA,0
ES,0
RJ,0
RS,0
SP,0
ES,1
PR,0
GO,1
ES,0
ES,1
MG,1
PA,0
ES,0
GO,1
RS,1
SP,0
MG,0
SP,0
TO,1
GO,0
PR,0
RJ,0
PR,0
PR,0
SP,0
AM,1
RS,0
ES,0
ES,0
SP,0
AL,0
SC,0
SC,0
MG,0
MT,1
BA,0
SP,0
AL,0
PR,0
MG,0
ES,0
ES,1
CE,0
PR,0
RS,0
ES,0
SP,0
PA,0
GO,0
MG,0
MG,0
MT,1
GO,1
MG,0
ES,0
ES,0
BA,0
MG,1
PR,0
SP,0
MA,0
PI,1
MG,1
RS,0
MA,1
RJ,0
RJ,0
ES,0
SP,0
AM,0
SC,0
SC,0
RS,0
SP,0
PA,0
MG,0
RJ,0
ES,0
PR,0
MG,0
ES,0
MT,0
RS,0
GO,0
MA,0
SC,0
RJ,0
SP,0
GO,0
ES,0
PR,0
PA,0
MT,0
SP,0
RJ,0
MG,0
BA,0
PR,0
RJ,0
MA,0
SC,0
PA,0
SP,0
MG,0
RS,0
AL,0
RS,0
RJ,0
SP,0
RS,1
MG,0
AM,0
SP,0
ES,0
AL,0
RS,0
PR,0
SC,0
BA,1
GO,1
AM,0
PI,1
PA,0
SP,0
PR,0
SP,0
ES,0
RJ,0
MG,0
PA,0
CE,0
SP,1
BA,1
RS,0
AM,0
BA,0
RJ,0
BA,0
SC,0
GO,0
SP,0
PR,0
RJ,0
MG,0
GO,1
PR,0
RS,0
SP,0
MA,0
MG,0
MG,0
RJ,0
GO,0
MG,0
ES,0
AM,0
PA,0
RS,0
MG,1
SP,0
GO,1
RS,0
RS,0
PA,0
RJ,0
SP,0
BA,0
ND,1
SP,0
RS,0
RS,0
MG,0
RS,0
SP,0
SP,0
GO,0
MA,0
DF,1
MG,0
BA,1
RS,0
ES,0
MT,0
RJ,0
TO,1
RO,1
RS,0
PR,0
AL,0
SC,0
MG,0
ES,0
RJ,0
RJ,0
PR,0
BA,1
BA,0
MT,0
MA,0
SC,0
MG,0
RO,1
BA,1
SP,0
BA,0
SP,1
GO,0
RS,0
TO,1
ES,0
SC,1
RJ,0
PR,0
CE,0
MA,0
SP,0
MG,0
SP,0
PA,0
PR,0
PA,0
ES,1
RJ,0
MG,0
SP,0
ES,0
RS,0
RS,1
SP,0
DF,1
MG,0
SC,0
SC,0
RS,0
RS,0
SP,0
RO,0
SC,0
RJ,0
PR,1
MT,1
RJ,0
SP,0
PR,0
RJ,0
SP,0
MA,0
PR,0
SC,0
RO,0
SP,0
SP,0
MT,1
SP,0
RJ,0
MG,0
BA,1
SP,0
SP,1
SP,0
PA,0
SP,0
PA,0
RS,0
RS,0
PR,0
ES,0
SC,0
SP,0
SP,0
SP,0
PR,0
SP,0
ES,0
AM,0
AL,0
SC,0
SP,0
RS,0
AL,0
SP,0
MG,0
RJ,0
MG,1
GO,0
SC,0
SP,0
BA,0
RS,0
ES,0
PA,0
RJ,0
AP,0
MG,0
MA,0
MG,1
GO,0
AP,0
PA,0
RJ,0
SP,0
ES,0
BA,1
MG,0
RJ,0
GO,0
SP,0
BA,0
ES,0
RS,0
PA,0
PR,0
SP,0
SP,0
SP,0
MA,0
RJ,0
RS,1
MT,0
PR,0
PR,0
RJ,0
PR,0
AL,0
ND,1
SP,0
RS,0
SP,0
SC,0
RO,0
SC,0
ES,0
GO,0
MG,0
SP,0
MG,0
ES,0
AM,0
RS,0
ES,0
PR,0
ES,0
ES,0
SP,0
PR,0
SP,0
SP,0
MG,0
SP,0
GO,0
RS,0
GO,0
RO,1
RJ,0
MG,0
SC,0
SP,0
SC,0
SP,0
PA,0
SC,0
ES,0
BA,0
SP,0
RJ,0
MG,0
SP,0
SC,0
TO,0
SP,0
BA,0
ND,1
SC,0
AL,0
GO,0
PR,0
AL,0
SP,1
MA,0
PR,0
PA,0
MG,0
PR,0
RR,0
ES,0
SP,0
ES,0
MG,0
MS,1
RS,1
MT,1
GO,1
MT,1
RS,0
SP,0
MG,0
AP,0
ES,0
PR,0
MG,0
MG,0
SP,0
MG,0
MG,0
GO,1
SP,0
MT,1
MG,1
PA,0
PA,0
MG,0
MT,1
MT,0
PA,1
PI,1
RO,1
RJ,0
RS,1
ES,0
PA,0
MG,0
MG,1
MG,0
SP,0
AL,0
ES,0
RS,0
PR,0
RS,0
GO,0
AM,0
MT,1
GO,0
SP,0
SP,0
SP,0
SP,1
PA,1
SP,0
RJ,0
RO,1
AM,1
MG,0
MG,1
MT,1
RO,1
MA,1
MA,0
MG,1
MT,1
RJ,0
MT,1
MT,0
GO,0
PR,0
SP,0
BA,0
ES,0
MG,1
SP,1
MT,1
MG,1
TO,1
ES,1
MG,0
SC,0
PI,1
AL,0
MG,0
SC,1
PA,0
SP,0
SP,0
PI,1
MG,0
RS,0
MG,0
SP,0
MG,1
ES,0
MG,0
BA,1
RJ,0
RS,0
MG,0
MT,1
RJ,0
RO,1
PR,1
ES,0
MA,0
MG,0
MS,1
BA,1
RS,1
ES,1
RS,0
RS,0
RR,0
ES,0
SP,0
MT,1
MG,0
MT,1
PA,1
MT,1
MA,0
SC,0
MG,0
ES,0
MG,0
SC,1
SP,0
GO,1
MG,0
MS,1
MG,0
MG,1
GO,1
RJ,0
SP,0
SP,0
BA,0
RS,0
MG,0
MT,1
PR,0
MA,0
RS,0
SC,0
RJ,0
MA,0
MT,1
PA,0
MT,1
PR,1
ES,0
RS,1
SC,1
SP,0
ES,0
MG,0
SP,0
PR,0
MG,0
SP,0
SP,0
RO,1
SC,0
PA,0
ES,0
SP,0
PR,1
PR,0
MS,0
MG,1
SP,1
PR,0
GO,1
SP,0
RJ,0
ES,1
MS,1
ES,0
MG,0
RJ,0
MG,0
MG,0
MT,0
MG,1
MT,0
RO,1
SP,0
MG,0
MT,1
MT,1
MT,1
RJ,0
PA,0
MT,0
PA,1
MG,1
ES,0
MA,0
SP,0
ES,0
BA,1
SP,1
MT,1
MS,0
GO,1
BA,0
PI,1
MA,0
SP,0
SP,0
PA,1
PR,0
MA,0
ND,1
SP,0
MG,0
ES,1
GO,1
ES,0
RS,0
MG,0
PE,0
RS,0
MG,0
PA,0
MG,1
TO,0
SC,0
SP,0
ES,0
PR,0
PA,1
SC,1
SP,0
MT,0
MG,1
RJ,0
MG,0
SC,0
MT,1
PR,0
BA,1
ES,0
SP,0
PR,0
PR,0
SP,0
SP,0
ND,1
SC,0
PA,1
PA,0
MT,0
SP,0
SP,0
PR,0
MG,0
MG,0
MG,0
RJ,0
RR,0
SP,0
SP,0
PR,1
PR,1
RS,1
MT,1
MG,0
SC,0
MG,0
TO,0
PR,1
ES,0
PR,0
MG,1
CE,0
BA,0
SP,0
SP,0
MG,0
TO,1
AM,0
SC,1
SP,0
ES,0
RS,0
PE,0
MG,0
PR,0
MG,0
MT,0
SC,0
RO,1
MT,0
PR,1
MT,0
PR,0
MT,1
BA,0
BA,0
SP,0
RS,0
SP,0
PR,0
MG,0
ES,0
ES,0
SP,0
MG,0
MG,0
MT,1
GO,1
MG,0
ES,1
SP,1
PR,0
ES,1
SP,0
MT,1
SP,0
PR,0
RS,0
PA,0
MG,1
MA,0
PE,0
MG,1
MG,1
MG,1
SP,0
RS,0
MT,1
RO,1
SC,0
MA,1
MG,0
PA,0
SP,0
AP,1
TO,1
SP,0
ES,0
BA,1
PR,0
RS,1
SP,0
SC,0
MT,1
ES,0
MA,1
ES,0
SP,0
MT,1
MG,0
SP,1
RJ,0
GO,1
SP,0
ND,1
BA,0
PR,0
MG,0
ES,0
SP,0
DF,1
MT,0
RJ,0
SP,0
SP,0
SP,0
ES,1
RS,0
SC,0
SP,0
AP,0
SP,0
SP,0
PR,0
ES,0
RJ,0
MG,1
BA,1
RS,0
MG,0
MG,0
SC,0
SP,0
ES,0
SP,0
RJ,0
PA,0
RS,0
MA,0
AM,1
SP,0
SC,0
PR,0
MG,1
MA,0
MA,0
ES,0
RJ,0
SC,0
MG,0
SP,0
SP,0
MG,0
AM,0
SP,1
SP,0
PI,1
ES,0
RS,0
SP,0
SP,0
SP,0
SP,1
RO,1
SP,0
ES,0
MG,1
PA,1
ES,0
SP,0
RS,0
RJ,0
MA,0
RJ,0
SP,0
MA,0
MG,0
ES,0
BA,0
SP,1
SP,0
PI,1
TO,1
PR,0
PR,0
MG,0
RS,0
MT,0
RJ,0
MG,0
PR,0
RJ,0
MT,1
SP,0
BA,0
RS,1
PA,0
PR,0
ES,0
BA,0
SC,0
SP,0
MT,0
SP,0
SP,0
MG,0
RO,0
MG,0
RO,1
ES,0
GO,1
MG,0
SP,0
GO,0
SP,0
RS,1
MA,0
MA,0
MA,0
PR,0
ES,0
BA,0
SP,0
RS,0
RJ,0
AL,0
SP,0
ES,0
ES,0
BA,0
RJ,0
SC,0
RJ,0
RS,0
PR,0
MA,0
GO,0
SP,0
MA,0
SP,0
RJ,0
MT,1
SP,0
SC,0
RS,0
AC,1
RO,1
RS,1
PR,0
SC,0
ES,0
CE,0
SC,0
RS,0
MA,0
MG,0
MT,0
SP,0
SP,0
RO,0
RJ,0
BA,0
SP,0
RJ,0
ES,0
ES,0
AL,0
BA,0
MG,0
MG,0
SP,0
BA,0
RS,0
SP,0
ES,0
SP,0
SP,1
RS,0
RJ,0
RS,0
ES,0
GO,0
PA,0
PA,0
MT,0
MG,0
ES,0
SP,0
SP,0
SP,0
SP,1
SP,0
PE,0
SP,0
PR,0
SC,0
PA,0
PR,0
RS,0
GO,1
RJ,0
MG,0
MG,0
MT,1
PR,0
PA,0
RS,0
SC,1
GO,0
SP,0
MA,0
RS,0
RS,1
SP,0
ES,0
SP,0
AM,0
CE,0
PR,0
ES,0
SP,1
SC,0
ND,1
ES,0
SC,0
MT,0
SP,0
SP,0
MT,0
PE,0
PE,0
MG,1
PR,0
ES,0
MA,0
GO,0
ES,0
SP,0
ES,0
PR,0
RJ,0
MG,0
MS,1
SC,0
AM,1
CE,0
PR,0
MG,0
MT,1
RJ,0
RS,0
PR,1
SP,0
SC,0
BA,1
SP,0
PR,0
ES,0
RS,0
RS,0
PR,0
SP,0
RS,0
PR,0
RS,0
RJ,0
MA,0
ES,0
SP,0
RO,1
SC,0
PR,0
MG,0
RJ,0
PA,0
AL,0
RJ,0
RS,0
BA,0
PR,0
SC,0
AL,0
ES,0
SP,0
MG,0
ES,0
SP,0
RJ,0
RO,1
GO,1
PR,0
AL,0
RS,0
PE,0
SC,0
PA,0
MG,0
ES,1
AL,0
MG,0
MT,0
BA,1
MG,0
RS,1
ES,0
ES,0
SP,0
MG,0
SP,0
SP,0
RJ,0
PA,0
SP,0
SP,0
RS,0
SP,0
RJ,0
RS,0
MS,1
MG,0
SP,0
MG,0
MT,1
PR,0
RJ,0
SP,0
MG,0
MG,1
MT,1
SP,0
PR,0
RS,1
AC,0
SP,0
SC,1
SP,1
DF,1
SP,0
SC,0
PA,1
MT,1
SP,0
SP,0
ES,0
ES,0
ES,0
SP,0
RS,1
PA,0
RS,0
SP,1
SP,0
SC,0
RS,0
SP,0
AL,0
ES,0
RJ,0
MG,0
SP,1
RJ,0
PA,0
PA,1
PR,0
MG,0
SP,0
GO,0
PR,0
MG,0
PR,1
SP,0
MA,0
PA,1
SC,0
SP,0
RS,0
PR,0
MA,0
RJ,0
MA,0
SP,0
ES,0
MA,0
RJ,0
RJ,0
SP,0
MS,1
SP,0
PR,1
DF,1
MG,0
PR,0
ES,0
RS,0
GO,0
RJ,0
SC,0
BA,0
MT,1
AM,0
AM,0
PA,0
SP,0
CE,0
RJ,0
RS,0
SP,0
SP,0
RS,1
MT,0
PE,0
RS,0
SP,0
ES,0
SP,1
PR,0
RR,0
ES,0
PR,0
ES,0
AL,0
RJ,0
AP,0
BA,1
SP,0
SC,1
RS,0
MG,0
SP,0
RJ,0
PR,0
MG,0
ES,0
MA,0
RS,0
PI,1
MT,1
BA,0
PA,0
RJ,0
MG,0
RJ,0
SP,0
SC,0
MG,0
BA,1
MA,0
CE,0
SP,0
RJ,0
RJ,0
GO,1
MT,1
GO,1
PA,0
SP,0
RO,1
SP,0
SP,0
PR,0
PR,0
MG,0
MG,0
CE,0
MA,0
ES,0
PR,0
MA,0
SP,0
AL,0
MG,0
SP,0
RS,0
PR,0
SP,0
RS,0
MS,1
MA,0
PR,0
PE,0
MT,0
BA,0
SC,0
PA,0
SC,0
MA,0
SC,0
SC,1
MG,0
BA,0
RJ,0
SP,0
AL,0
BA,0
SP,0
SP,0
PR,0
GO,0
SP,0
SP,0
AM,0
CE,0
GO,0
MT,0
ES,1
MG,0
CE,0
SP,0
RS,0
PR,0
PA,0
MG,0
RR,0
SP,0
SP,0
SC,0
RJ,0
RJ,0
ES,0
ES,0
SC,0
RS,0
MG,0
GO,0
AM,0
RJ,0
PA,0
PA,0
RJ,0
SC,0
BA,0
PR,0
MT,0
MG,0
RJ,0
RJ,0
MG,1
MS,0
SC,0
PR,0
SP,0
SP,1
MT,0
SP,0
SP,0
MA,0
RJ,0
PA,0
SP,0
GO,1
RJ,0
RS,0
SP,0
PR,0
RS,0
RJ,0
RS,0
SP,0
MG,0
MT,1
MA,0
SC,0
BA,0
MA,0
TO,0
AM,0
MG,0
PR,0
RS,0
SP,0
PR,0
GO,0
MG,1
SP,0
BA,0
SP,0
ES,0
ND,0
SP,0
SC,1
BA,0
RS,0
AP,0
RS,0
MT,1
MG,1
SP,0
SP,0
SC,0
MG,0
MT,0
MT,1
SP,0
PR,1
SP,1
SP,0
RJ,0
SP,0
PR,0
ES,1
SP,0
GO,0
SP,0
SP,1
AL,0
RJ,0
SP,0
RJ,0
ES,0
SC,0
SP,0
RJ,0
SC,0
PA,0
SP,0
MG,0
SP,0
AL,0
MG,0
SP,0
RS,0
SP,0
MG,0
PA,1
MA,0
BA,0
SP,0
RS,0
GO,1
RJ,0
SP,0
MG,0
RJ,0
SP,1
PR,0
MS,1
AM,0
RS,0
MT,0
MT,0
SC,0
PR,0
PR,0
ES,0
GO,0
SP,0
AL,0
RS,0
MA,1
SC,0
RJ,0
SP,0
ES,0
RS,0
ES,0
MA,0
AL,0
PR,1
RS,0
ES,0
MG,0
DF,1
RO,0
MA,1
MG,0
RS,0
MG,1
MT,0
ES,0
PA,1
PE,0
SC,0
SC,0
AM,0
BA,1
PR,0
GO,1
MG,0
RR,0
AP,0
CE,0
SC,0
SP,0
ES,0
ES,0
RJ,0
MA,0
AM,0
PA,0
SP,0
BA,1
ES,0
PR,1
BA,0
MG,0
SP,0
SP,0
MG,0
SC,0
MG,0
PA,0
PA,1
SP,0
PR,0
RS,0
MG,0
SP,0
PR,0
MG,0
BA,0
MG,0
RS,0
MG,0
MA,0
MS,1
SP,0
ND,1
SP,0
SP,0
MG,0
RJ,0
RJ,0
RS,0
MT,0
ES,0
SP,0
PA,0
PR,0
PR,1
SP,0
RJ,0
PR,0
RJ,0
SC,0
PR,1
RJ,0
RJ,0
BA,0
PA,0
ES,0
GO,0
SP,0
SC,0
SP,0
ES,0
MS,0
PR,0
SP,0
MG,0
MG,0
BA,0
SP,0
SC,0
SP,0
MG,1
BA,0
SP,0
RO,0
AM,0
SP,0
MG,0
MA,0
MG,1
BA,0
MG,0
RS,1
RJ,1
SP,0
BA,0
MG,0
MT,0
MA,0
ES,1
ES,1
RS,1
SC,0
PR,0
SC,0
MS,1
MA,0
MA,1
ES,0
PR,0
MG,0
MT,1
MG,0
SP,1
SP,0
GO,1
MT,1
PR,0
MG,0
ES,1
SP,1
MG,0
PR,1
ES,0
SP,0
SP,0
MT,1
RJ,0
SP,1
ES,0
MT,1
PR,1
MG,0
SP,0
SP,0
PI,1
MT,1
MG,0
RJ,0
RS,0
ES,0
SP,0
MT,1
MG,0
SC,0
RS,1
PR,0
ES,1
MA,1
MG,0
RS,0
MG,1
MT,1
PR,0
RJ,0
MG,0
PA,0
PA,0
MT,1
BA,1
SP,0
MG,1
MG,1
PA,1
RS,0
MT,1
AL,0
MG,0
MG,1
SP,0
RS,0
CE,0
MG,0
BA,1
SC,0
PA,1
MG,1
MG,0
MT,1
AM,1
MT,1
AM,1
SP,0
MG,0
PR,0
ES,1
PR,0
PA,1
ES,1
RJ,0
MT,0
RJ,0
MG,0
AM,0
ES,0
SP,1
SP,0
SP,0
MA,0
MA,0
ES,0
SP,0
SP,1
RS,0
MT,1
RS,0
BA,1
PR,0
CE,0
PA,1
ES,0
SP,0
SC,0
SP,0
MA,0
MA,1
SP,0
ND,1
RR,0
PR,0
BA,0
SP,0
MT,0
GO,0
SP,1
MG,1
MG,0
MT,1
SP,0
RS,1
SP,0
MS,1
MA,0
SP,0
SP,0
CE,0
MG,1
PA,0
ES,0
AM,0
PE,0
ES,0
MA,1
SP,0
RS,0
BA,0
ES,1
SC,0
RS,1
RS,0
GO,0
MT,1
SC,0
RS,0
RJ,0
SP,1
GO,1
CE,0
RS,1
MT,1
MA,0
MG,0
AM,1
MG,0
PA,0
ES,0
PR,0
RJ,0
SP,0
RO,1
MG,0
SC,1
SP,0
ES,1
PR,0
RJ,0
GO,1
SP,1
PR,0
ES,1
MT,1
PR,0
SP,0
RJ,0
MT,0
SP,0
GO,1
SC,0
SP,0
MS,1
SP,0
ES,1
SP,0
PR,1
SP,0
RS,0
RJ,0
MA,1
RJ,0
PA,0
PR,0
SC,0
MS,1
SC,1
MT,0
SP,1
MG,1
ES,0
RS,0
PR,0
RJ,0
MG,0
DF,1
ES,1
ES,1
RJ,0
MG,1
SP,0
MT,0
AP,0
PA,0
ES,0
RO,1
PR,1
MS,1
BA,1
CE,0
SP,0
ES,0
RJ,0
MG,1
SP,0
SP,0
RJ,0
RJ,0
SC,0
RS,1
MG,1
ES,1
MG,1
SP,0
MS,0
SC,0
ES,1
ES,0
SP,1
PE,0
RR,0
ES,0
MG,0
BA,0
SP,0
ES,1
ES,0
PR,1
RO,1
RS,1
PA,0
ES,1
RJ,0
PE,0
MG,0
SP,0
MT,1
SP,0
SP,0
MA,0
AL,0
SP,0
ES,1
MT,1
GO,1
MG,0
BA,0
GO,1
PA,0
RS,1
RJ,0
SP,0
ES,0
ES,1
MT,1
PR,1
AM,0
MA,0
RS,0
PA,0
BA,1
RJ,0
MG,0
MT,0
BA,0
ES,0
MG,0
PR,1
SC,1
PR,0
PR,0
MG,0
RJ,0
GO,1
MS,1
AC,1
SP,0
MA,1
MT,1
SP,0
BA,0
RJ,0
BA,1
MG,1
SP,0
SP,0
CE,0
MT,1
RJ,0
SP,0
SP,0
BA,0
RS,0
ES,0
PR,0
MG,0
PA,0
AM,0
SP,0
MA,0
MG,0
MG,0
PR,0
MT,1
PR,0
PR,1
MG,0
SC,0
RS,0
MG,0
RS,0
RS,0
SP,0
DF,1
SP,0
PR,0
SC,0
RJ,0
SP,1
PR,0
RS,0
RJ,0
MA,0
PR,0
ES,0
AM,0
PR,0
MT,1
SP,0
GO,1
SP,1
AM,0
MA,0
PA,0
GO,0
PA,0
AM,0
MT,1
AP,0
SC,0
PA,0
PA,0
SP,1
MT,1
RS,0
ES,1
PA,1
PA,0
RO,0
PR,1
SP,0
SC,0
MS,1
AL,0
SP,0
RJ,0
PA,0
MG,0
ES,0
PR,0
SP,0
SP,0
MT,0
SP,0
RS,0
MT,1
PR,0
MG,0
PR,1
PA,1
RJ,0
SP,0
PR,0
ES,0
RJ,0
MT,1
SP,1
RJ,0
RS,0
GO,1
SP,0
ES,0
MT,1
RS,0
PR,0
SP,0
MA,0
SP,0
ES,0
SP,0
BA,0
RJ,0
TO,1
RJ,0
PE,0
MG,1
SP,0
SP,0
MS,1
SP,0
PR,0
PR,0
SP,0
MT,0
SP,1
MG,0
CE,0
SC,0
PA,1
RS,0
SC,0
MT,0
GO,1
MS,1
RS,0
MT,0
SC,0
PA,0
PR,0
SP,0
MA,0
SP,0
RO,0
RS,0
SP,0
MG,0
RJ,0
MT,0
PA,0
SC,0
SC,0
PA,0
MT,1
SP,0
BA,0
MA,0
RS,0
PE,0
RJ,0
MG,0
BA,0
MT,1
PR,0
PR,0
RJ,0
RJ,0
SP,0
PA,0
SP,0
SC,0
SP,0
BA,0
SP,0
MG,0
PE,0
MA,0
RS,0
SP,0
RO,0
ES,1
SC,1
RS,1
RJ,0
TO,1
RO,1
SP,0
SC,0
BA,0
SC,1
SP,0
PA,0
SP,0
SP,0
PR,0
RJ,0
MG,1
RS,0
RS,1
PR,0
PR,0
MG,0
RJ,0
PR,0
PA,0
ES,0
SP,0
RJ,0
MG,0
GO,1
SC,0
RS,0
PR,0
RJ,0
SP,0
SP,0
MT,1
MG,0
SP,0
SP,0
MA,0
BA,1
SP,0
ES,0
MG,0
SP,0
SC,0
ES,0
AM,1
GO,0
PA,1
RS,0
GO,0
SP,0
RJ,0
PR,1
BA,0
SP,0
SP,0
MG,0
RJ,0
PA,0
ND,1
MT,1
PR,1
RJ,0
MG,0
MS,1
MG,0
SP,0
SP,0
RJ,0
RJ,0
SC,0
SP,0
MG,0
SP,0
PR,0
PA,0
ES,0
RS,0
RJ,0
RJ,0
MG,1
GO,1
MT,0
PR,0
SP,0
MT,0
MT,0
ES,0
MG,0
MG,0
MA,0
PR,0
RJ,0
PR,0
RS,0
CE,0
SP,0
RS,0
SP,0
MT,0
SP,0
ES,0
PR,0
SC,0
MG,0
RS,0
PA,1
RO,1
ES,0
PR,0
MG,0
AL,0
SP,0
PR,1
MG,0
RS,0
DF,1
RS,0
MT,1
MT,1
SP,0
RS,0
MG,0
RS,0
SP,0
MT,0
PA,0
RJ,0
BA,0
MG,0
PA,0
AM,0
BA,0
MG,0
SP,0
AL,0
SP,0
PA,1
MG,0
AM,0
SP,0
PR,0
BA,0
PR,0
PR,0
AP,0
ES,0
SP,0
SP,0
MT,0
MT,0
RJ,0
TO,1
SP,0
RJ,0
BA,0
SC,0
SP,0
SP,1
GO,0
PI,1
AM,0
GO,0
ES,0
MA,0
MA,1
RJ,0
MG,0
SP,0
MT,0
PA,0
RJ,0
MS,1
RJ,0
SP,0
RS,0
MG,0
PR,0
SP,0
AM,0
MS,1
PA,1
SP,0
PR,0
PR,0
RJ,0
PA,0
ES,0
RJ,0
RJ,0
RJ,0
PA,0
BA,0
SP,0
MG,0
AP,0
SP,0
MG,0
SP,0
RO,1
MA,0
PA,0
PA,0
SC,0
RJ,0
PR,0
MA,0
SP,0
ES,0
PR,0
RJ,0
MT,0
AC,1
AL,0
PR,0
SP,0
AL,0
SP,0
MG,0
PR,0
SP,0
MG,1
SC,0
SP,0
AM,0
SP,0
MG,0
GO,1
ND,1
MG,0
SC,0
SP,0
PR,0
SC,0
PR,0
PE,0
MG,0
AP,0
AC,1
MS,1
MA,1
RJ,0
ES,0
ES,1
MT,1
BA,0
MG,0
PR,0
RS,0
GO,1
RS,0
RS,0
PR,0
BA,0
SP,1
MA,0
BA,0
MG,0
ES,0
MG,1
ES,0
RS,0
ES,0
RS,0
MG,1
ES,0
MS,1
PR,0
ES,0
TO,1
BA,1
ES,0
SP,0
AM,0
ES,0
PR,0
RJ,0
SP,0
RS,0
RS,0
SP,0
PA,0
PA,0
AL,0
SP,0
MA,1
ES,0
ES,0
ES,0
ES,0
SC,0
CE,0
SC,0
PR,0
ES,0
SP,0
MG,0
MG,0
AC,1
SC,0
BA,1
PR,0
MG,0
RS,0
SP,0
RJ,0
AL,0
ES,0
RJ,0
SP,0
ES,0
BA,0
MT,0
MG,0
PA,0
PE,0
AP,0
MG,0
ES,0
SC,0
BA,1
BA,1
SP,0
SC,0
SP,0
SC,0
BA,1
SP,0
SP,0
MS,1
RS,0
SC,0
RS,0
PR,1
PA,0
PR,0
ES,1
AL,0
MA,1
DF,1
RJ,0
RJ,0
MA,0
SP,0
MT,0
MA,0
ES,0
MA,0
SP,0
MT,0
SC,0
SP,0
MG,0
SP,0
RS,0
MT,1
MG,0
PR,0
ES,0
SP,0
AC,1
RJ,0
MA,0
RJ,0
PA,0
CE,0
SP,0
SP,0
RS,0
MT,0
PA,0
RJ,0
ES,1
MG,0
MA,0
RO,1
PA,1
SC,0
SP,0
MG,0
RS,0
ES,0
PR,0
AM,0
PA,0
AP,0
MT,0
PA,0
DF,1
RS,0
AM,0
SC,1
CE,0
MT,0
PR,0
PR,0
AL,0
RJ,0
SP,0
PR,0
RS,0
RJ,0
MA,0
SP,0
ES,0
ND,1
PR,0
MA,0
SC,0
RS,0
ES,0
GO,0
RJ,0
RJ,0
RJ,0
RJ,0
AL,0
SC,0
ES,0
PR,0
MG,0
RS,0
SC,0
RS,0
BA,0
SP,0
BA,1
MG,0
AM,0
RJ,0
RS,1
MT,1
PE,0
RS,0
PR,0
AL,0
SP,0
PR,0
AP,0
MA,0
MA,0
MG,1
ND,0
BA,0
PA,0
ES,0
SP,0
GO,0
RS,0
PR,0
AM,1
SC,0
RS,0
RJ,0
GO,0
SP,0
PR,0
RJ,0
RS,0
MG,0
CE,1
SP,0
AL,0
MT,1
AL,0
AL,0
SP,1
PA,0
MG,0
PR,0
AM,0
SP,0
DF,1
MA,0
PR,0
ES,0
SC,0
AM,0
SP,0
PR,0
GO,0
RJ,0
GO,1
RJ,0
ES,0
DF,1
BA,0
SC,0
RJ,0
PR,0
PR,0
MG,0
ND,1
PR,0
SP,0
ES,1
SP,0
PA,0
GO,0
BA,0
MA,0
ES,0
ES,0
ES,0
PA,0
PR,0
SC,0
PA,1
RJ,0
PR,0
SC,0
MA,0
SP,0
SC,0
SC,0
RJ,0
MT,0
SC,0
BA,0
PE,0
SP,0
MA,0
SP,0
MA,0
PR,0
GO,0
SP,0
MG,1
BA,0
PR,0
BA,0
MG,1
ES,0
MG,0
BA,0
SP,0
SP,0
RJ,0
SC,0
SC,1
SC,0
SP,0
RJ,0
ES,0
SP,0
RS,0
MA,0
MG,0
MA,0
PA,0
RR,1
RJ,0
SP,0
PR,0
PA,0
RJ,0
SP,0
MT,0
RS,0
BA,0
AL,0
RJ,0
BA,0
SP,0
PR,0
PA,0
